X0,X1,X2,X3,X4
-0.3376020553923153,0.32557526967012174,-0.6897283750584743,1.4419908146522347,0.6543521127983919
-1.0270819780796179,1.3873178286157333,0.3767008186335477,0.1352486970404163,-0.17428182396273212
-0.6082606491359005,0.16096705026905453,-0.8129755855450038,0.005503951493704973,0.3273398468509855
-0.6110676387237954,2.011404705863054,0.47713688487284,-1.0905565154337178,-0.3499595701051879
-0.1575617867333216,-1.1028130797062323,-0.6979750906734838,-0.3805129730401784,0.6733737592690746
-0.14203434284369149,-0.283034303894227,0.6812443869827352,-0.11956089413920334,-0.37976392389420294
-0.5793961424953687,0.9895763186497956,0.9820693587254626,0.17760030714178665,-1.4580555207881378
-0.6681307921783131,0.44486041862858433,-1.1179620871601088,0.08266268543238131,0.14687488548844102
0.827968197002005,0.2529475961904128,-0.8464968194027789,-1.1774292461052513,0.42386055953305934
0.07233152847927016,-0.02565990005519976,-0.5544535072897955,-0.670512034058661,2.246881517086755
-0.4812573598793326,-1.4631397195607465,-0.6544165681728487,-0.9002453460887874,0.4223768615090259
0.6409714345314015,1.1324921663372705,0.969159035588687,-2.1398501966397054,-0.6141937941040518
0.2685624078776696,1.4957327871758552,0.15679232716910962,-1.4172130353654302,-0.21516538109466296
-0.8132524545080849,-2.1405004664712735,1.0872140838416418,-0.09355045038637477,-0.8187729607630425
-0.08510444301070091,-0.497636902109875,0.9502903322663696,0.3985582157899359,-1.2552278864466904
-0.507157591869458,-0.4315930117827563,0.2902826724036879,0.6963861509069369,-0.19598962987234725
-0.7214116797811116,0.032230458316099525,1.006914969400264,0.6017012532789334,-1.0187820598965955
-0.5496571974613071,0.5761685365911235,-0.723239574644161,0.6623547363407962,0.5837253239840142
-0.3582022026855723,0.9126899153679787,-0.8624181522619132,-0.6085627736052126,0.1856285128255742
0.31374806367298425,-0.5674401937535745,0.7361387796813892,-1.422195027395117,-0.5375992460838626
0.3752251733642311,-0.6084413950791159,1.2160875917516525,-2.314404153103911,-1.2827414840009712
0.25687935165036574,-1.234406477908727,-0.8148976055316918,-2.0343084772509488,0.7712045828523935
-0.5263502713279022,1.8978828185448537,-0.9563605424785899,-0.5520881418154561,0.23319351942203156
-0.24146662019996235,-0.49287820355999806,-0.8227782047174221,1.4482980428568495,0.050692081469143606
-0.32310048581768497,-0.5486612131670502,0.5851745843613633,1.2681992717785513,-0.32815633556572227
0.5025187300296665,-0.7001277017922969,0.5493211118957849,-1.6825563958821188,-0.3498590049319972
-0.23170085200830626,-0.8705045833920999,-0.1989968072792885,0.5153668975295247,-0.0487825235867093
-0.10094013626871773,-0.911722479069399,-0.38646685575076273,0.25716069503170047,1.2103763644781977
-0.7765764908522415,0.6810637519279511,-0.7038807631252261,0.507345383924416,0.8026668599586587
-0.7169941523661683,0.4935549402226609,0.7331817789161226,1.2198456012822474,-1.74078868922793
-0.3229643339243157,-2.487594683922144,0.7205230183656088,2.0644935188055085,-0.4032849333427912
-0.28941444131491356,-0.8089211769025236,-0.44308969074033855,1.0308172980423072,-0.0446894700008642
-0.7206712302180722,0.6087204313740553,0.8245280181429798,1.1254223925666822,-1.0949594976180936
-0.271215237822907,-1.144148348251404,0.600360558922273,0.801795353982893,-0.34927484152336663
-0.1438654280651378,-1.6317579273105054,-0.8013968658380103,1.1417166529074692,0.5438265698344477
-0.6685421305926053,0.516512386111382,-0.7330660175148747,0.357701946718314,0.5813835569756878
0.6148393233316315,-0.25498507761954536,1.0297383324031908,-1.9818135922288151,-1.3286564991000147
-0.4637181806769778,0.5032888489205721,-0.8252199636316117,1.9591384687250648,0.7737805686168457
-0.1739733331064346,-1.5210798083888426,-0.9068904473550488,-0.726935764738569,0.07533282509383467
-0.4663169776929144,1.0866250176265448,-0.602141626379577,-0.24473386318852897,1.4437686140050605
0.02001279347539532,-0.9412756760114134,-0.7205991699633558,-1.367078638475427,1.1891811569486226
-0.5540377469322529,-0.5319509865381306,-0.76611304281429,1.0244116028538772,0.5218829856541896
-0.0016866757489806955,-2.110683010503262,-0.6015387230755446,1.2456485822305248,1.6957946440073823
0.003623974053953191,-1.3414368728844657,0.7598002208506587,-1.4506253964586544,-0.7576118570487002
-0.6208330678049078,0.5550119028473939,-0.4781062227176542,0.42505711151503633,3.4996859310263417
-0.2446412508270363,-0.6908263202574747,0.6312542860519921,-0.5542728116670796,-0.4640651741922775
0.3834189940011632,-1.7233550129779427,-0.5592625260936958,-2.5369045249613453,1.0092967426185993
-0.6061096108759458,-1.11566391971154,-1.0670960874539261,1.3533247485064308,0.31458307928017804
0.7419089805700189,-0.39125734500324133,-0.8945268142838056,-1.8393485744663236,0.515283314725259
-0.3011865293129002,0.28045360456169033,0.38527791777442677,1.0604908996556839,-0.2241861639737002
-0.1715482106304359,-0.6100415170779772,0.9272416990123266,1.7065362197701823,-1.3447778205367873
0.3701492382426648,1.5224000419287718,-0.9272379548900056,-1.761347227320237,0.4034902758813954
-0.24377130335390104,-0.04529908747259404,-0.3459990229014476,1.5828152530306476,1.2093632841855781
0.7568304878250245,0.2752844425510378,0.10363335894631788,-0.9569289853242473,-0.1510852375831465
0.3789969763843187,-0.4727450336223074,-0.8725491476964845,-1.2319918541105017,0.2465731058660304
-0.4990815378413069,1.0504293098588349,0.7965990401529772,1.756970430373742,-1.261720591290834
0.21524118594900804,0.9679055683770494,0.5454735686008058,-0.9502182597257811,-0.3037397217158587
-0.15350660681003858,-1.1692142086067496,-0.699572788168769,-1.4568916343546598,1.4193865055295096
-0.37891736807411347,0.7071650487696213,-0.14168562062564835,1.6144278091557758,-0.06998721787018063
-0.03912879419789828,-1.2478877854177013,-0.9791256926987312,-0.0013045638226805156,0.2578641372012181
0.6387138266197693,0.28256505061924947,-0.8701585939505654,-1.0181705978545348,0.38552552940739526
0.5727789990504173,0.4032406182890519,-0.9636329211031598,-1.0064082855190424,0.2162010154054936
-0.09641215515524082,0.017147434606824354,0.9750757484247669,-0.7236431576009901,-0.982987200651794
-0.6105070530269238,1.5178971013331284,0.9031854477426183,1.1867903341536281,-0.6414734802783919
-0.5384196382610791,1.6887022083753027,-0.8468010630883077,-0.9488011191030469,0.48546069524246716
0.9453883929585797,0.37455992910321834,-0.8413300061907032,-2.7834316866388553,0.60316272400557
-0.03824972093370931,-0.9893906598133418,-0.572908649297125,-0.056349396848748845,2.0655567449747076
-0.3813934480832538,-0.23688074654938568,0.6433412924802757,0.5776509464559805,-2.5819740821089745
0.8204505791940441,0.10926492553686352,-0.08073198466259894,-2.589636047846344,-0.059699841638885996
-0.4182814807422181,-0.0638019209241615,-0.3453548590373715,1.3151032459040457,-0.039012812310377905
0.6166860019050278,0.7558869712311682,0.687705546902386,-1.8178999861869114,-0.41658875890263014
-0.42326160400027146,0.45382910836104023,-0.7979195685592627,2.0777645900677553,0.6406264505042162
-0.19971958396787715,-0.5800405228330769,0.5677310302307979,2.3767724842664206,-0.40308543702183464
0.29843968680389815,-0.6159681640788607,-0.3290910218988114,-1.4107565840141598,-0.017254046352259914
-0.09920342281875219,-0.7627827006810199,-0.6940571456180182,-0.0838551844051979,0.7772935749810331
-0.6323358647051165,0.42567902027377674,-0.6754270993239174,1.5597490826783162,0.8458927907191434
-0.17669616055094817,0.5558899218263829,-0.2723306048569966,2.014553865611563,0.9860641168256182
0.4738067502882407,-0.31787454369647117,-0.6012340301033731,-0.9857190489663807,0.7844463463716883
0.1962725074859099,-0.7466480477521479,1.1704127769265649,-1.0694025474782363,-0.9328961984527903
-0.3038468284284682,-0.7359830860468103,-0.628793596768225,0.6763382356067711,0.6738372119874352
-0.5365127906987532,0.06900283548064531,1.0141861100172445,-0.10211208038920139,-0.7725328569787413
-0.47783735280092476,-0.022959540313171597,-0.4221928577281782,0.9385365411368307,1.988237296482697
0.12841458778782155,-0.5730754758811906,0.5983551105192557,-0.6705139085303309,-0.38967173784813836
-0.42875408691670724,0.698929460580137,0.5932673537644932,1.683944442169667,-0.3915747352807612
0.8533683028333751,0.6649721604520371,-1.0085536643703557,-1.5966775987088675,0.28424453680966877
0.09481082623563719,0.6966846523490909,0.9474650901781186,-0.897482824856322,-0.705255170514356
-0.05179280740042836,-0.29913908196565486,0.962604400491417,-0.6433710299668491,-0.6910231242016532
-0.7936213478166536,0.6548225937958801,0.9459672639056412,1.2996247549437192,-0.5715590756195246
0.6887524476200129,-0.28853020037499777,-0.39644935279520155,-1.218953948352482,-0.01642980806475341
0.9774638042126466,0.8125535929950378,-0.46191452226248697,-2.3261351119032656,1.1877307164060256
0.737965968546551,0.9025144095380065,-0.659851034373514,-1.7408017655285706,1.21144613963079
-0.3351519422983042,1.5284307549459402,0.8533307107483001,-1.376230661881415,-0.7831318785018838
0.4234242463168992,-0.9662034618620297,0.44732661773822296,-1.793723233083162,-0.2746079213968741
-0.20563412080880575,-1.8452319687799388,0.9855636094873825,-1.5966207296524526,-0.8098328204770738
-0.4847926295203685,0.9952725961024249,-0.6339239539959306,0.8396397766094637,1.7712352092636823
-0.3358819411874396,-0.7266654907854009,-0.5402667253266222,1.0716796805263415,0.834773109278533
-0.7513775318084571,0.3839204217381279,-0.660166285382325,0.1036388177390215,0.7270786962198648
-1.0609949861559984,0.5637990634308694,0.5442276933698047,0.6567470646092688,-0.2494881052437162
0.7792837906799852,0.7519210722988002,-0.7312534269436552,-1.060651845854574,0.010436925672871116
-0.166180666544406,-0.2909141680016031,-0.82721090316297,-0.20435001932996422,0.36407955665402236
-0.13548809616784782,-0.20327924969006358,-0.7834066223942595,-0.04317958420957202,0.4232316619929364
-0.1558303313894669,-0.6775805998956905,0.8117006460922884,-0.579138315624673,-1.9947392249651823
0.16153164478759666,-1.390702376051508,-1.0902350068023547,-0.40734496502147144,0.17029900073650625
-0.5878251139286258,0.9161259494964188,0.29321351931157785,1.3419709038589454,-0.23593953317572672
0.5367566453318232,0.9918228257232894,-0.7180717215979227,-1.6995555754077838,0.5336336798763258
-0.5318702026420509,0.8857201058413677,-0.6460027540795116,0.8869450861403116,0.7618611998509074
0.13762149451514916,-2.1799954134152713,-0.5715693310479274,-2.7543655436651395,0.8752505756263681
-0.5900569891906785,-1.3231343054823081,1.0424619964184463,-0.2563866740682912,-1.374690955436244
-0.3540964454012385,-1.3754570374488768,-0.5425160356343226,-0.7704366619114753,1.668560624154005
-0.29571316418671356,-0.619959973007431,-0.49265323079807105,1.5354534778452904,1.5556663353507691
-0.45050996536138804,-0.28215751967458896,-0.3690225379767105,1.1562017467159222,1.8276524425487966
-0.8408272544094844,1.8405729663831298,0.9127437592497538,0.35768364772951156,-1.6035592609808098
0.12445326402572027,-0.11672961630936841,-0.985995509082657,-0.6705422512206981,0.08307978027990992
0.683935897427833,-0.14156239538738885,0.9062589729745248,-2.6640013168068366,-1.5304164664941553
0.5314006353366043,0.9835629167194666,-0.5022695158759893,-1.1983183326301308,1.2857445600287867
0.17994412068600374,-0.4933917277899305,-0.5198943312225307,-0.7807747008562116,1.2280147752080313
-0.23417826142655268,-0.5721574431330959,-0.4065180977204511,-0.2616884764508155,-0.0052198369186083745
-0.7256065707370668,-1.6096852368535821,0.7260773984919098,1.9263143367525624,-0.3937436104487069
-0.5381421457115465,-0.9347709597442402,0.3532648736955357,1.2633219728979586,-0.21103753094509323
0.9460463891216566,0.016840048525163236,-0.7869009049846665,-4.06464429989505,0.3543126072723045
0.6953523622962516,0.22720331479270217,-0.7380720957744723,-1.0669983715522482,2.1147457447713824
-0.6892300605033647,1.46614220144258,0.9963676470441643,0.12654369132935894,-1.2002012213868458
-0.4548888923083773,1.1588254442006871,0.9366997316837802,-0.14149727108252907,-1.3166054294044356
-0.34209539307843934,0.20851914694815685,-1.1478366378100429,2.643546509550824,0.3525993384715111
-0.24459881964815122,-0.918877664678089,-0.6139884861392019,0.24686212087820958,0.8689870857952473
0.7493132036111674,0.29291694132932705,0.41351479504892913,-1.6392055610551328,-0.20493240507481728
0.5413445159087455,0.6549458067380453,-0.7870550691499483,-1.205270196983191,0.6292851094037543
0.4920205047920064,0.55236244234525,0.9523006556101173,-1.7055751305393572,-0.7074458432545998
-0.016702561115331832,-1.3651504003941086,-0.45603322145152164,0.4284500843224184,1.9362977676783049
-0.20484823374579858,-1.1581140995933867,-1.004477688915363,-0.9308806920816901,0.41061045362650445
-0.04051791139844155,-0.7099464682310825,-0.6714698557193416,-0.29126082870383674,0.9492446471332627
0.4459265558950154,-0.5864925539174555,1.2265193738950062,-1.8986934230515846,-0.8437248908951225
-0.3274071359264966,-0.794823870533235,-0.898291573970083,0.19930833913545531,0.3459745474914141
-0.12836267563379342,0.05655934960060017,-0.806050583653082,-0.5243660628034241,0.3795890490210133
-0.200633773369279,-0.3160172052491725,-0.1832577032127003,2.354800410222628,1.4695373946322896
-0.32884876201355406,0.1575829264678658,-0.8582957865665934,-0.29846350103342434,0.07102620831845446
-0.016203181267945732,-0.37274388905967026,-1.0857772668197405,-0.6255748969476134,0.24454254484302795
-0.1003094806575143,-1.1101280974294472,-0.5013898412338123,-1.1093011720616297,2.5307832228927287
0.6840528070003857,-0.7739952284404003,-0.735802186025792,-2.827040958088689,0.6207763620061767
-0.18021059264571537,-1.2587096430843308,0.5326330801457964,0.6433177989018617,-0.2697983192775432
0.9472930739165135,0.13746970601734937,-0.9287037820321636,-2.0844528701927088,0.3508608961799412
-0.03777324749559144,0.5129134467703537,-0.5539507042351848,-0.45783525294876837,0.8722645993395052
0.35949313015391793,0.00281520783929834,0.4768877766834106,-0.9562019728811892,-0.2912415521221666
0.6482868284531274,0.5046464523503195,-0.5614364817641296,-1.2516568320409713,0.006520513788382562
-0.10763770498254277,-0.43584087359222934,0.9818512358663661,3.247514246250801,-1.0275676740921176
-0.2309829664688636,-0.7548805400444141,-0.18493836252043172,1.4701216701375834,-0.037797150454798784
0.17023791884795392,-0.00876723126448379,-1.0009201482027985,-0.7064729481752101,0.08077236384066751
-0.5728703502461694,0.5687692904879992,-1.0162300739161656,1.1953130419782818,0.1247487947678074
-0.3303337262185313,-1.8663714172385564,-0.6501021420969847,-2.0039985898937482,0.8783562986635728
-0.3524433746630265,-1.2658641083991347,0.9016675832012553,0.21309327402213474,-0.8518743910697364
0.46301522541872775,-0.49921526808152883,0.7027723902454992,-1.4856687818162948,-0.4644568668691092
-0.8193776361298821,-2.0428685965780753,0.9640738679983686,-0.9818460240710528,-1.2562405794274853
-0.5861214834876118,-2.8441541693394137,-0.7219237413306676,-0.9337503586939029,0.5376774160042177
-0.2398689525673986,-0.4901149187196502,0.302579960654062,-0.18809720770848315,-0.2034965038905908
0.8502711185319489,-0.3190987602235375,-0.755437578130209,-1.5130389074025232,0.8757642545677881
-0.4114980473794074,0.5814068764055162,-0.6358644751216903,1.4310994594647894,1.4151570438030654
0.2676828685040604,0.5165457248988423,-0.30019554282106437,-0.6769836581420513,-0.03951865302089686
-0.13896065647010983,1.786377561560915,0.30227158345838867,1.2946532771158048,-0.1734814365590036
-0.3519038283895968,-1.0144159894089861,-0.7611805653660857,0.2511981541501711,0.747168386857232
-0.7187315766585356,0.7011110589255023,-0.8065820773142344,0.4659712048108,0.46239635305298815
0.4063570610291889,-0.7760174960929579,-0.31000448658295,-2.005033703219489,1.4070352929851655
-0.9859656253693636,0.242016743151661,0.7764794176016374,0.7249648470318533,-1.8122550721646984
0.3222067882750502,-0.2617583134447988,-0.7976200011817798,-0.9128812920424711,0.5708166012817635
-0.42176612131858005,-0.8067752811814869,-0.9044832720028997,1.339769938384011,0.2929703797676758
0.529883071449346,0.14573017148730474,1.0939677594892507,-1.481435881842904,-0.8957257973484587
-0.17023073100721406,-1.2409286866053615,-0.8451150200124283,-0.6592571523175266,0.4780321660127607
-0.3210659103414597,-0.9345517331160498,-0.37089062407694573,1.8255681636728465,-0.0420876389495727
-0.004732473689944996,-0.7094827543578291,-0.7193837891417003,-0.26159255003486426,0.808335788894071
0.3345452942809697,-0.7078303899056894,-1.0746770373880803,-1.4556517110599319,0.307862735952409
-0.1622304197308123,-0.6708357924332781,-0.6708595788357486,0.09435529353778804,0.7798109450718692
-0.8051240682913033,1.5514597527609475,-0.7944579415021351,2.253595184175538,0.9570587619866702
-0.6856632874546402,-1.2111695205614508,-0.4224165835756943,-0.7371546605080552,1.0545782609387568
0.7193577502816211,0.8436932315115961,-0.6941900443115234,-1.870552642383343,1.2504289216929485
0.5831681478183678,0.42387964539771117,0.7115111020117698,-2.2542015747232673,-0.3631808214620017
-0.7134991075061814,0.6256182073699916,-0.5727376469073602,0.5994504773316343,1.3509717865974442
0.40246730639198214,-0.6862347813280391,-0.7181254009688849,-1.4732006208330648,0.9106981061223147
-0.4104984030360942,0.4783895122757279,-0.7695712931213505,2.3157389160630775,0.030287769147393236
1.1564244948259488,0.9383611007957012,-0.45110132195989805,-2.8813048954721383,1.938843742141955
-0.22550072016734865,-0.8563754454683644,-0.871083887285388,0.4478605773084259,0.5243835614718668
0.5790301007101012,-0.24890874993857667,1.0810456368695704,-1.750687395093696,-0.931854144948545
0.7638299301606596,-0.3853584476842833,0.5687434250703235,-2.4700794575218303,-0.35786226127976667
0.7547438252698431,0.07027811290765645,-0.8611680303116397,-1.080784504462339,0.3848580620386941
-0.8598710409438803,0.29074479837620415,-0.5865710085494953,0.6246086710787364,-0.0028972158962544186
-0.7846146559766595,-1.7860711907511488,0.7067095551091771,-0.21067876999708535,-0.26840517827581895
0.8411947127356921,0.4302358261930594,-0.8840378735310999,-1.8431191203390198,0.3689950582197858
-0.47044701135643224,-0.7370535641681448,-0.8936536544384677,1.1219183838168436,0.15197765175313344
-0.386462095191943,-0.24440652782144404,0.9047369693686084,-0.23632310437460036,-1.058469884986694
0.46876800478478137,1.3344582822387985,-0.9883116262725815,-2.2715743062660096,0.1984423412711104
-0.6254694557259702,0.31357425182712606,-0.6689424622159905,1.6017017571332608,3.365399705305485
-0.010705920764697355,-1.0973580441321953,1.017326858269713,-1.0134372935868177,-0.7636528138105311
0.246935897197895,-0.8406333732814686,0.9633528908663882,-1.250343717264317,-2.183595266747218
-0.41732299726490385,0.7611556592648735,-1.0042888206230622,-0.16056762387214996,0.32141320901754566
0.24752142548624692,-1.4555056781305997,1.0009665743918927,-2.5342213963915414,-0.6837418744502288
-0.43413422380325484,-0.9977045883001769,-0.9435054764070028,1.3924583029482749,0.38466528774965547
-0.6613156749618252,-0.08535367484647108,-0.9035735337465176,0.40149700120077014,0.5370026577300708
-0.6752703087831421,0.7377063531574318,-0.8691401606942709,1.2153601507943343,0.4857610115198867
0.6144998224185133,-0.35589859678768937,0.4839252709400861,-2.4013085695357086,-0.31263057486186735
-0.7588446399062849,-0.0012886042683071604,-0.9018758048302045,0.39728119121209504,0.35530953042113966
-0.30023283889651425,-0.5323783145578476,-0.8213851558500336,0.1517463823429357,0.5403124440414219
-0.25876503734314077,-0.1219604728376271,1.2694061411552469,2.5891795676332454,-0.888160581545226
0.7364894649686448,-0.1751936059352484,-0.7896554282206745,-2.2637853112413264,0.8634626496062229
-0.04724038238079294,-0.3074790237858735,0.8636201425089783,3.139531408007141,-0.6077809511751513
0.22371535529360723,-0.37154055174754097,0.6290200213897045,-0.970531925255804,-2.4758438054023837
0.6076534460856015,0.3501850045470848,0.26050505615598135,-1.9753615314528077,-0.14972108432988987
0.09690963742760297,-0.10665755542394881,0.8932537103946043,-0.6023681044171143,-1.0249104066971126
-0.8528230928796356,0.3909354475627979,-0.8950796093141231,0.3333700007686422,0.4226707799884143
0.5668194947844194,0.9038969480454276,1.113265183977512,-3.049652281665128,-0.875877282231039
0.5010856752964881,-0.5098892897460646,0.6574955571052549,-2.015503694695301,-2.7182594195331258
-0.3779956459562027,0.4393537250735735,-0.9729967699822124,2.703349542606414,0.41929995522720565
-0.017184250685584945,-0.5207926632818569,-0.7286194173133964,-0.46655524429369766,0.8528692143515555
-0.5024424824142006,1.543836738165164,-0.5527177233196128,-0.5234328205948282,1.9031784870659572
-0.2714301754617987,-1.0592825793815077,-0.7577136306806602,-1.259396947752904,0.503653421683006
-0.736493982559242,-0.14715883157508344,0.9073573246157339,1.0030391592182988,-1.5348629191525764
-0.3241626662426062,0.7799698518021979,0.8610400277092098,2.1441339133174653,-0.6079753460797996
0.9766045680469142,0.023068289701344627,-0.7064188258398925,-1.7014010392626568,0.04615073191762049
-0.7199766766828664,0.23088142710457105,-0.6202828053190093,0.7129997775801646,1.1878655075533608
0.5197946712110567,1.1846127544456218,1.0352420635749633,-1.978056646568421,-0.7313051679563168
-0.058363988676377127,-1.493460082580134,0.19080012166976784,0.5270152508439729,-0.28844017505686886
-0.5065167299660694,1.2924530105203555,1.1537935414467264,0.07747922136251639,-0.6485955638215957
-0.5104776694905578,1.530817157490777,-1.1057325772965028,-0.30939510556537553,0.3097572076608998
-0.2665477345688103,0.16920222080085498,0.3350338358346135,1.8652445173485397,-0.1955619834659497
0.38054682281987756,0.6333319509073382,0.7190686569746098,-1.7563321780255006,-0.4926527113172311
0.37332927684093653,-1.365335999412797,0.8545892854990986,-2.1877328121418875,-1.6341903403205704
-0.49007376743582703,2.162711283510129,-0.5016901092316809,-0.9716403270160782,0.9289913070635964
-0.7284222922834793,0.8073675154056431,-0.648269314731097,1.1111363193192267,1.347392120439856
-0.9661310448434729,1.6060932182420773,0.3852705337321143,-0.4903483455787946,-0.2861925503107289
-0.519852030565307,0.6783666549736905,-0.5256705897658087,0.969657973646727,1.4011902419697442
-0.7917046450696402,1.9500024366469633,0.08549326494486661,-0.6385178129242886,-0.10158657006298918
-0.5493759262545643,2.0223082866505253,-1.0824076607082498,0.2025803655196463,0.27960233066637563
-0.17335363878985433,-1.0678469124182899,0.17959479373836662,2.3178932500296923,-0.17359571139200505
0.06812443106860083,-0.8418435169224148,0.679156904497099,-1.26457340042092,-0.3882978249007977
-0.6569099069448759,-1.7781021927517324,-0.6319430201152032,-1.2135094852070765,0.9319009958255182
-0.7480998258600482,-0.24815049979992237,-0.8248088593565236,0.2300058753046037,0.2134863393120661
-0.015514810033545927,-0.48729829201807806,-0.44044989175495286,-0.5717016874867591,1.6337568394094388
0.37140426627933404,1.4827223396364784,-0.538242243600113,-1.6446267438056479,0.6402515522803632
-0.3348510917125308,-0.7755699117668847,0.9648947152546445,-0.026350666808207635,-0.7896615261899923
-0.6888527755594023,1.6895035996171572,-0.5209467845461189,-0.5546082372751695,1.0748937568356045
-0.6089821773802869,0.8009734547284036,-0.8073977107441924,0.9329135269200861,0.7345490577422845
0.22140523172140775,-0.36388390728848813,-1.0045258040741645,-1.0126469871199353,0.17633279218026754
-0.4965290251100986,-0.6296727394471305,0.22300511610674473,0.7113643373695415,-0.1810821013897343
-0.07044217957500777,0.6705156564173407,0.9871716578385578,3.2468244014009837,-1.1926253435896976
-0.5337030899677564,-1.0788065230718904,0.08025786698798512,0.9428922397083657,-0.15731689435567525
1.101794542633455,0.7751551431910101,-0.4527594074907744,-2.428727055887604,1.071615568139773
-0.3434491864755048,0.5916225174310586,-0.8097111356731072,3.125237892116992,0.4839755947814207
-0.23080960535600561,-0.22502121682723927,-0.887912193753912,-0.4463460745809974,0.10140991052034738
-0.07294797844305023,-1.6132244203742567,1.038352348801078,-1.4843960338244173,-0.7872881024441523
-0.04274611078696471,-1.13945398471637,-1.0404995794055143,-0.7974999077113003,0.3367876475679716
-0.046190869147720394,-0.2481194657038354,-0.656839150333638,-0.29620345208866106,0.5807646714428155
0.6045240611418569,-0.51863407100896,-0.44392582810962544,-1.6907722804698337,0.9401786365273618
-0.12652884556291735,-2.2212178625294206,-1.0522012654638286,0.6178116457538076,0.15208269246816528
0.7012893614082802,-0.6580646428288844,0.21563901238222416,-2.510510274944423,-0.1719616141057901
0.8869492897872465,0.5514087347776253,0.3720228559639691,-1.0878011145255237,-0.18649305672262076
-0.30218579811488777,-0.8618551240736988,1.015686061886673,0.956285340766645,-0.7109032804760671
0.7036916442642887,-0.5038563275615164,-0.9061930826222107,-2.1233821593492914,0.28842662305668165
0.5235955587569981,1.1375830001590057,0.4814055526015658,-2.9322455013771664,-0.25494169135558625
-0.04698475863755739,-0.33267991909937433,-0.6676664637322774,-0.3113913373570575,0.952358629688949
0.10175779287461778,0.44112778902785543,-1.0736390605322201,-0.8260996503082068,0.17356975999452626
-0.5102564434315651,1.661181878263583,-0.8809937400136126,-0.026842154363114656,0.10762819384508389
0.03892115572944568,0.1362534853357048,1.137531030081169,-0.7266506646347197,-1.000127647184728
-0.4059144099286224,-0.38061818877924686,-0.7967333040971498,2.28620464174582,0.48486534140000587
-1.1035728161908707,0.8189030127050787,0.9381531188562219,0.7814144631897832,-1.0361870989264481
0.8487747373665646,0.5949995833451424,-0.4555001548397575,-2.1315060054079416,0.011727060311996235
0.9692306382688974,0.42817438529939733,-0.8472166386364726,-2.511333358682167,0.05264705749673581
-0.4903624288509215,-0.16632748355508123,0.7144415916205115,0.06916194825618827,-1.7001480476440394
-0.3477008973291199,1.5242262913782165,-0.5015915952351606,1.0433000267922594,1.1932199004645303
-0.6001842083312837,1.0902174623115584,0.8622405467155101,-0.207532091239935,-1.5110715252791633
-0.524751659615379,-2.0426979307991955,-0.7179550812234411,-1.2325113531134548,0.7115821393433431
0.1673921735477944,-0.6105710926158432,0.9405540877596601,-1.2149476677828224,-0.9309961946644421
-0.5556534280726286,2.284084553654188,-0.6201267713603569,1.550389760464851,2.4821212176137983
-0.27544775194064575,-0.26032715118887295,1.008619092175835,0.28377921480377855,-0.8639289527260903
-0.45516229422381166,-1.0141429727799143,-0.9520769597758286,1.6043182611909321,0.3973589335029646
-0.004757997668546593,0.21667679307251206,0.7811819853230064,-0.623753101474092,-0.4983367480091059
-0.24366363756711312,-1.1054180803002673,0.4395718287270279,0.3214644615216331,-3.239607730393422
-0.44321742671099285,0.2891613533415414,-0.8685141564888863,1.0810688417159353,0.029807406268164936
0.3078440172716082,-1.0844256079184613,0.6442656530034748,-1.9626928727867192,-0.4351462159299241
0.17705612551640384,-0.7914437830713277,-0.4901321560803247,-1.22996444034902,1.2737868168748976
-0.009308008053670824,-0.2733695206548873,0.7509125906818966,3.3039080969384056,-0.43525760474791525
-0.5821485982919216,2.2502529684247157,0.7032004877989542,-1.4321506764893552,-0.31178236558210276
-0.25572503903552546,1.368194497766698,-0.39352291978168646,2.986565523044039,1.7611675213274203
-0.305309450206559,-0.11069351338091953,-0.3985269604579227,1.0555744032415753,1.2697127739752596
0.08385050570590763,-1.0342278538770626,0.9755625755803126,0.6466324866462885,-0.8828471721554014
-0.7370185065508446,0.3973480402483969,0.9734080725284603,0.49673255087127743,-1.39390752090252
0.056188647481153625,-0.6175823444087004,-0.5512973738925508,-0.7156833476275359,1.257180059567626
-0.011012998179658548,-1.261579564680029,-1.0118298469113878,-0.8267186260000576,0.22452533547342432
0.5946679346962417,0.83261302933936,-0.4133220639103151,-1.545592375769623,1.3172267060852265
-0.17191629647343898,-1.0660738818349327,-0.933229024036083,0.5239027837706476,0.28270792413745105
1.0581753706698664,0.0903431994841356,-0.8861512679240572,-1.82113756880271,0.39778481940357463
-0.517158853550662,1.0213362873344256,1.1420952754567675,0.5966782812147327,-0.7984837032126894
-0.6891947487411696,0.34700236784600974,0.9406724934774674,-0.01462157722575419,-0.78775807501709
-0.15078066277594301,-2.464744766987966,-0.7398091436274117,-0.4409472544584191,0.12727050001621723
0.3196852528778532,0.06895731458426302,-0.9125518544921286,-0.7304239160324904,0.05873465383347128
-0.7909953075564022,0.8184628476218395,-0.5887489735979046,0.14142139501718676,0.032526414909632345
-0.336481182049502,-0.6476661321084352,-0.596294300071791,1.1576495231095008,1.0772690250248593
0.27511013213491176,0.4428898904550258,-0.9721269937293749,-0.7694243769161246,0.27205131660542453
0.03511574539696974,-0.7618264573348801,0.7207754676501865,-0.7702412717669376,-1.8628921182934357
-0.5462004478086159,1.9384323298306325,1.0480561418104766,-0.800208463443315,-0.8963252593959472
-0.44888850911609035,1.1447373801147989,-0.6627252533002691,0.5447911598347419,0.7623882589429569
-0.2644446603688345,0.24794811621812657,-0.9391308898115611,1.73436580011455,0.3675636947572851
-0.6121583895808838,0.40137269486305016,-0.6420809842021924,1.588769105453531,0.40120018370092675
-0.5616215000016924,-0.208965149704708,-0.5807351037025805,1.036145133775896,1.3203884430412627
-0.541418301809375,1.2010562238405587,1.0702804458133797,-0.9074060630874077,-1.7321336246629169
-0.17152325876946872,0.3490490496493865,0.9674444901465672,2.5592812482226277,-0.9318906623447326
-0.23272383775125466,-1.501339586466294,-0.9791383142988828,0.500396150083233,0.29853588203879455
-0.6360810058233788,-0.8768694823006936,0.8043112879597116,1.2235580454401491,-0.5465118134423346
-0.49123750968965396,-0.601186303636827,-0.7496774764206509,1.0624819144429964,1.5627244646667144
0.4436234091790737,-0.2295878046699702,-0.9283963207908256,-0.8533534449499027,0.22761036913789764
-0.09016031039761174,-1.0884268115971965,-0.5682513311146691,0.2456437597472847,1.8047938254562628
-0.10583278379985216,-0.22880872358231719,1.0983676221632586,-0.5703674866313724,-0.8272013459799495
-0.4294594778075651,0.30989734763361854,0.9417349716139574,-0.0460011878750376,-1.2406906320216078
-0.22166355317078365,0.5871995858240405,-0.7216059097419345,3.1450146897246247,1.13731105121095
-0.01021507575069093,-1.3546321437512692,-0.3787015602405119,0.704718511496641,1.9320472628894925
-0.19589349114221144,0.14067569439259256,-0.02290240138026861,1.989824919586896,-0.10709301654784124
-0.28234121177112864,-0.20758956865411216,-0.44732474298462815,0.13134415085360374,1.1733248116735464
-0.22439448276185492,-2.332067770487367,0.8063881806977372,0.6852825100755073,-2.3863894614637307
-0.0018164450440720653,-1.6363137996291077,-1.0328363189611238,0.03929601961361495,0.1058448216517393
0.12422676321973264,0.3997020790058966,0.2289496191783003,-0.5126361350996984,-0.10428242146452534
0.6562670091436371,1.8081775083587022,0.9308700508464706,-2.310200831977566,-1.0267761301256444
-0.45304957433804643,0.15625213503621313,-0.9597740514336305,1.3334281087903666,0.4552269627840606
-0.16445651314862522,-1.3789160235679156,-0.5013590565632837,-0.4278827581944362,1.3569484788530766
0.7427981072268819,-0.03021790294319219,1.0197803401967673,-1.7832892030048284,-0.6214997111683108
-0.4456638242642349,0.6108974483957809,-0.360401018890874,1.8190748801944179,-0.028618991563605093
-0.04133339161079996,-0.3298016246543089,1.048963717029294,-0.6358742419183814,-1.7811994144719183
-0.8556190303078501,-1.981671630811351,0.8837592184538512,-0.11441715599618707,-0.6640187160381973
0.7933724543347579,0.17437161988767444,1.047719129024944,-4.201078000599297,-0.8419376064306043
-0.5257805727133764,-0.4106036543628759,-1.0264096975743617,0.651875254871846,0.2709604559255386
-0.6529664767006446,2.757029601477972,0.981240916756324,-1.671830004612504,-1.0515794874779796
-0.4435457182577437,0.36197767233898603,1.1503136290718246,0.21537929298062353,-1.2707679484029528
0.19266892807320563,-0.5889854025630109,0.862081375960324,-0.8910284232809921,-1.3356750739437584
-0.627825972578747,0.4868454688454764,-0.6313249794552864,0.3349563857738689,1.03250873827487
0.11440781339810195,-1.1001405101923858,-0.7552207489353518,-1.7885108805344307,0.5730335419295836
-0.24644106611001804,-1.0639428449929482,0.8990024850438068,0.16846271407903934,-1.1874779996588292
0.17385474530902162,-2.0550042807847486,-0.7926565215692274,-0.2214549162196432,0.053027127025766285
1.0422936305969372,-0.40709713334442243,-1.0400623957754718,-2.2567798732003506,0.11401029138200801
-0.4321306653682969,2.3393132297622485,-0.612642909360666,2.7204633426904192,0.8756482938074683
0.6047935758022892,-0.1817330101999717,1.0177388389861717,-1.6444563145962174,-1.2471747083047653
-0.7311222757756176,-1.5473334057452448,1.0859169072819619,1.5842061118056576,-1.265507457658033
-0.8709524447584117,0.6633589809918878,0.9840922773158751,1.0843349268142082,-1.3479249694551798
-0.5419394250337323,-1.2176669538520744,0.8330880984969444,2.166415689596761,-1.3801910382361595
0.8323709196231408,0.0376208923272332,-0.6383682602627443,-2.0260753204372968,0.792380094588359
0.05838224422362401,1.8503122953092666,0.3986810465746079,-1.5112952784008697,-0.26477289636020385
-0.15262190591364702,0.32865034543853777,0.9980781193258684,-0.5708010137221686,-0.6746759898257818
-0.11477613580632855,-0.15268282109899364,1.053983920999894,-0.48744224338863185,-1.0043311215650284
-0.6883211018156619,0.6397076564302019,1.0179461707277782,0.5834165877223176,-0.816353033368266
-0.5031607068536239,1.5690086970596755,-0.6102235015822248,0.11210903589688836,1.1576942052741341
-0.4836985140011904,0.3941354472348586,-0.7464042075092835,1.7907433880600276,0.707709294932274
-0.2760329109565444,-0.6472310729676172,-0.9030557360900928,0.3764200630953174,0.1318132325165436
-0.4795939562003409,-1.2262586905072208,0.38817212399026474,1.1118886658037352,-0.23374853049433938
-0.7979759120601118,0.36144079428262754,-0.003221921032818334,0.08846293211505496,-0.11340298463470219
0.48343914970091634,0.31327924805163926,-0.7860257900003735,-0.7956127091735167,0.39575356954097957
-0.8948060300150165,0.4472460026170931,-0.8869471351657306,0.4917136645776097,0.6328916880407088
-0.4042839395635895,-1.036011899058278,-1.0976426288509,2.0666393974281627,0.3389472089227982
-0.4946680436796946,0.6686186705154488,-0.534441418959973,0.3623796105852706,1.4018342972230884
-0.6137746554982206,0.652183481716566,-0.5649238902494336,0.164840032637535,1.1377001018493251
-0.4325579602676391,-1.2499197238709736,0.2405376369473168,0.1394315185784225,-0.22659088026147894
-0.5562196261653407,0.03712490468651896,0.969833757079166,0.28934124456664057,-1.7393038025182261
-0.5345185025194623,-0.0716762456876037,-0.6436327760331709,1.0356076272042647,0.6482619226390302
0.6281283355510783,-0.2579730016076911,0.8705560315940972,-1.6755351620090702,-0.633108247451292
-0.47300140149655895,2.9110071927941865,-0.7282196137204985,0.45359114792963995,0.8121441508603413
0.1441481737212863,-0.542128607037915,-0.67561255920757,-1.0998644224434355,0.9010912840970794
0.2601872989181805,-0.33762517674512693,-0.769240490326753,-0.6412806285469754,0.46477328841938725
-0.5133500864721106,1.2040625458017484,-0.5297336518889404,-0.42851802659145055,-0.022088343462303928
0.031858884456744924,-0.8836641608782778,1.0910064869340916,-0.8571049712677863,-1.317572733037147
-0.24026251665540752,-1.43944423810605,-0.7371299969974374,0.6843083333268951,0.5744075567860318
0.1066874745266496,1.439322644758244,-0.5005733222151629,-1.110835890531299,0.940855223033443
-0.3740332487415673,-0.49410263605146815,-0.40275302000660473,1.774869408126202,1.1434350435143696
-0.41669542026994866,1.8577670472124532,-0.5708860968531558,0.12846536295711442,1.2896699365485653
-0.032766542073869004,-1.57992382548905,-0.43941313181831576,0.4977098053306599,1.009226598757173
-0.14528230309256918,-0.5529968395280798,0.06348225856308434,2.3281824528851134,-0.15297503645884672
-0.7159329235170301,1.2842555979147356,-0.8089397876963331,1.3290510307176375,0.42691783976597997
0.6617672425164324,-0.4824843477714248,-0.9901922375891762,-1.6374360990430594,0.3493723964711982
-0.7079345524135712,-1.5752630802453076,0.5618336420469043,-0.6710304681947679,-0.32643953874365333
-0.8442037110704683,-1.744158447609508,0.8702377178379879,-0.9023819234688991,-0.5580272764653036
0.5619289115370018,-0.7827536743658364,0.7105133468613694,-2.064300025858727,-0.538411127755018
-0.666021685892588,-0.14492238898920426,0.9707365506142095,0.8417095404357906,-0.9858283326643091
-0.45366825901716895,-1.6935425196116496,-0.6304675807673968,1.439874717725227,1.0293306011587526
0.37091063401178126,0.32567944746977684,0.9112005937170775,-1.199306402203599,-0.8263569656206818
-0.49168525718008216,0.6466884976736051,0.9329145012196494,-0.38207385740747957,-1.3004625251357858
0.6847624781223931,-0.5711334981960204,-0.7553011207021387,-3.380987426703069,0.44703242707358953
-0.854796796824947,0.2561141708062889,-0.6676119701638257,-0.0032929626258695333,0.9514432425497891
0.21067946256410922,1.726748853638486,-0.3874544773085258,-1.7820538508144737,1.169568359999323
0.9861428274552378,0.7212150832005109,-0.8562661375263301,-2.1744980821513034,0.5367277476722547
-0.7151906462832052,0.32117471971267564,0.6566334335978133,-0.0923825369458855,-1.5980287304524168
0.10884639220828374,-0.10454150312773548,0.6110363628014525,-1.0026419169006986,-0.42719721201718064
0.624631539269501,1.5152729832007694,-0.6653940796825488,-2.3438918014999035,0.7542714178982897
0.5850626238139838,-0.09762416689595979,0.9876932239076154,-1.6477322686561413,-0.7609381681117167
-0.4994371367416612,1.728316830710517,-1.112241363532858,1.2820698489987334,0.21309934427207763
-0.5354096836878476,-1.1362342465402195,0.016361251369268068,-0.18663521789758053,-0.09399906668106772
-0.5164774764266474,2.0885693451602747,0.9532527163210035,-0.8187865073003275,-1.5200848683708155
-0.9292544260340587,0.6064961948008993,0.8743308576865177,0.8419342206002978,-1.564554438217833
-0.626495506778427,-1.8087740373562347,0.9855980104444388,0.14585170471408904,-0.6358887164242915
-0.8582884771469785,1.2112388947466872,0.17128417297482115,0.03594510617926239,-0.15249363097735133
0.9533893363840635,0.2736601937822094,-0.44942279584857225,-1.7087743690569868,1.1474067384488644
0.4604395338425582,-0.6397285388900076,1.0048950978828244,-2.1465435446824723,-2.217827531257356
0.44051159684485175,-0.6523137234264369,0.9550595115108652,-2.0424142028597694,-1.5996214678501128
-0.22240769477120031,-0.25794166380288736,0.9612750523404917,-0.4214642078396055,-0.5631901217944827
-0.02580362449589238,-1.4349070264195165,-0.44129029881835247,0.11436831026797467,0.7771293342760346
0.7161470802763423,0.5486271258590141,0.9260702314043584,-1.4838667984984923,-0.4938224061559238
0.9712504392937691,0.22124220508348183,-0.5618545123641406,-2.1666226005811913,2.3760071169402988
-0.5016371470274252,0.537264761214181,0.7950745223946797,1.8272314829402378,-2.2613924546008075
-0.7516032367678888,0.10870857408070925,-0.40198073862632466,0.031963236334880296,0.8855555106592952
-0.591994890695771,-0.4997057088076361,0.09602403772614007,0.5714473964037963,-0.11599847781918378
-0.46726505685293673,0.15756033670298242,-0.7711406545805726,2.099187429765721,0.049464712193550746
0.1689965936721801,-0.5700859950713082,0.8459843902441592,-0.8035507805902196,-1.6912156668651517
-0.5042924481185234,-1.5825576993971155,0.6442396495495777,1.4249573275233764,-0.39093458045735147
-0.2824204534792935,-1.0450326679399986,-0.4411266841673249,-0.5682497723196247,1.665312772380034
0.008947499785770474,-1.281037198206538,0.5494781457537916,-1.7485090666969407,-0.2908575143352384
-0.15351285642401824,2.3600095086704225,0.12057187378609407,3.0601539067200934,-0.17614785023674084
0.8559623305693604,0.7758239127408412,-1.0584487026806204,-2.9597860068633453,0.18598351771335844
0.16110349128745088,-1.0407128049188936,-0.7973723547574483,-1.4818922097733154,0.5745718445576272
-0.04802970550865801,-1.4129877171349088,-0.5112717178506573,0.08701254715430906,2.289640749984534
-0.4982707465469901,-1.06747721937201,-0.6489971992699625,1.0824621407412773,0.6613058892384901
-0.8619844098363545,0.807704570883459,-0.10985331740017387,0.13228926112464823,-0.0692880729447462
-0.12689524738790348,-2.299004311700556,0.41346189839954417,0.6607747348819752,-0.18199048760259712
0.6140400093675901,1.228833293137353,0.8065044117858058,-1.6914906491346962,-0.5763934670736243
0.13279439519323383,-0.5965235503842766,0.8666442886347531,-1.1284181270681386,-0.6154129415195918
0.39330604656376006,0.761689656664621,1.0635422670338421,-1.0607794523031393,-0.6841068747248618
-0.6699178158380847,0.2575797715444913,-0.43131122641643826,0.07817119216847934,0.916230335995964
0.4210217736006069,-0.4828319127943908,0.945242713018419,-1.8053783715167215,-0.8569626521768771
0.8794084171863686,0.7707580677005519,-0.5085117314799317,-1.6566615958515727,1.7017929776902705
-0.014822073493866328,0.8023383702997602,-0.5291147537045482,3.4572614596403612,0.9083449571710142
-0.8468492289269984,0.5708591444513158,1.0221141424720266,1.2183279454464957,-1.0079439966826507
0.5766356806153567,0.2653571356529645,-0.8113271131353257,-0.9570672935062691,0.08000409924460444
-0.5212538538479982,0.8574829372684436,-0.9945902046080233,-0.47971316285773635,0.16553388690991613
-0.4061206680090036,1.598840188226217,0.8777911635886868,-0.40290955841818554,-0.7793876993363341
0.8723839581113242,0.5997821315666477,-0.9528570221868997,-2.0432670933275716,0.3613593349582121
-0.34425057687425453,0.45520065289430656,-0.661022847663153,-0.23352509993778037,0.990313698281479
-0.43735982365425385,-0.3278910790843331,-0.8202565839347337,0.3621397387483418,0.40723252035736685
-0.9114879619658555,1.7250872946810125,0.2737006121671348,0.18057579544935853,-0.22709684649899248
-0.4553988657967303,0.6901072861463577,-0.066608826053762,1.476089269451868,-0.12147731576562655
-0.2580219942118944,1.7871746823936978,0.3412341946609516,0.7576158407176603,-0.19861763080945924
-0.37601840181308693,-0.06508641884514219,0.9894740521068177,-0.2099277540459923,-1.1434243079985955
-0.6606409980382076,-0.14124740602185804,0.5274929625243879,0.47562626591120094,-0.42676002280127806
0.23341114337871677,-1.562841406219064,0.31733005255521474,-2.933977265599802,-0.19298151736571487
0.9857027966453358,0.2852176576948087,-0.6924016555049222,-1.7246869607533064,0.005136173435294179
-0.4723377655359908,1.1962173396401394,0.8706619472034035,-0.4467138674582114,-1.9074879493348003
-0.4045914206970779,0.7055328850785971,0.8805573114138141,0.08079293316717795,-0.750620543716845
-0.5744895155765968,1.1569978162105654,0.9684863476849105,0.13722614268796596,-1.8120820874513586
0.05628694390315034,-1.023961974650806,-0.5982485450838566,0.14755757135777503,1.9375273173267098
0.5622662344964588,-0.21210220964532867,-0.9363324689390816,-1.1780207303088954,0.0866416865443768
0.6297556511312873,0.8037947049035398,-0.6889712827769637,-1.3907468804947085,0.8726841690811995
-0.5163856521145856,0.5230951478651867,-0.6170653545708948,-0.22438057190415006,0.6307235276193657
-0.29256805839954136,-1.0574464049129706,-0.9323054332916302,1.9825629399636076,0.49481769286252464
-0.39921785494485945,-0.782531328037926,-0.9017590665256278,1.7824073829961753,0.3354675811332093
-0.971176134492435,1.9183452127327885,0.8582934978312243,0.5884146609176111,-1.5470087439166702
-0.12059536555292172,-0.8382476573043283,0.6975252229449308,3.964691122302252,-0.4003886801334565
0.058777752882397324,-1.0944446375723615,-0.49956273963635195,-1.3255711147288598,1.8145467531640742
-0.461664668395634,-0.26988884705933147,0.6525188456832152,0.9059417268201329,-0.4156677344818541
-0.7722604701757292,0.6653351981299708,-0.6535790252160493,0.3854724874480695,0.8341820232189958
-0.5406642785262841,0.35051671182895205,-0.4484201291815766,0.8008406168129403,0.7911119110018501
-0.26608991766923384,-1.1234508166940134,-0.4457617388605431,0.2428041273064967,1.682457209064996
0.4605732010855104,-0.17222492510468765,0.7352540279017008,-1.8799295995889058,-1.7918485020841322
0.7979056525221611,-0.32664088632138444,-0.6001543330411937,-1.5808494280868333,0.7585245808875637
-0.73638174969288,0.001372235382745584,0.8378094202969127,0.5240957032571394,-1.3946621493831055
-0.6194694299421533,1.6021010459537537,0.3858429668813229,-0.7703179618339997,-0.26843955322066576
-0.5150050360356628,0.03912977031876964,-0.5648090905117427,0.9363871083502704,0.9240855307265015
0.4236008407818189,0.9245866802857499,-0.7414118837725806,-1.3234958654943707,0.7431636220317394
-0.5661976903716236,1.4008170009004406,-0.49138299760429593,1.5339376622752838,1.7502582573018868
-0.5560745163654693,2.1208492208742658,0.8701422837182681,-1.4853921736953177,-0.580089456350861
-0.6935275331884666,0.007227565379498566,-0.9423792422429348,0.8897198810052793,0.3045463990267501
0.563268933815196,-0.33208000155581774,0.9659852608814825,-1.8138154076132946,-1.1513473467663866
0.32424799502413065,0.2385254625021706,0.3463911310000189,-0.6322276090972441,-0.16767855975374238
-0.38385756161424867,-0.6665840783742989,0.18449420717501347,0.12039839053006274,-0.18875871141224515
-0.028750750335761077,-0.7904439179685729,0.8090506202967261,-1.1085380770895166,-1.703080164636868
-0.22341942278171897,-0.5003622467190121,0.7367090756908504,1.8213187226118102,-1.4191797171068845
0.63872979151652,-0.20034533647834174,-0.44538030347798396,-2.4666108232764357,0.9727586639770092
0.7389862113972234,0.5074776750906226,0.6631986483626107,-2.298836192345205,-0.3448885674691707
0.8897064469776537,-0.8196725259560711,-0.8670917403367933,-3.2792851222272246,0.08370194575135889
0.04539689452082124,2.403642343368984,-0.863038795941227,-2.257300129930175,0.10054752485402987
0.45808542351456427,0.5476551728256416,-0.8751982787084727,-0.866726740890138,0.7037963888379098
-0.0783901005715488,1.041304202527992,-0.9463698006200097,-0.7715776581140047,0.3867162657316913
-0.08018641706856142,-0.8660152579217794,1.149765251757384,0.9413206291249054,-1.2686785379039962
-0.24583444281305836,-0.15536579018024346,-0.5741450914961292,-0.31473967178229956,1.3008449611211865
0.8053229575266772,0.31888699475556165,0.8704531908434585,-1.3199767081418454,-0.5272490683834424
-0.44036438557503266,-1.4854147387263001,0.7358985301150505,2.032549084203891,-0.6155748096406891
0.6250884304023923,0.46980895156376223,0.6276342514005234,-1.5100403586693703,-0.4487025328989296
0.17324864707649668,1.0149026658153395,-0.713446307869357,-0.9983488496508971,0.7785561469112735
-0.23837572130009543,-1.1538178374862742,0.8502132963061712,-1.0416368315634374,-1.0416946356098833
0.15082393888574377,-0.8550170106109083,1.065518668529134,-1.550482027944955,-0.8385444883951689
-0.3447752309003409,1.115316631736047,1.0587726021040487,-0.35623987462750584,-0.9645206936313112
0.06368269043587761,-0.9383121871494552,0.8614131678212809,-1.1296121238284507,-2.100135087454176
0.670216109226794,1.1627585504532265,0.8971943482742326,-1.6924711395142382,-1.0624894207595457
-0.6622207643454522,1.9198685793245975,1.0269432163084022,1.4186919799765225,-0.8119408623545012
0.0448962836990483,0.6469225151175132,0.17490198661998102,-0.7017730342755517,-0.17077658215786323
-0.5228560022378343,-0.023544434058752544,0.8294431922404945,0.48951963910088625,-2.227492794215841
-0.696473943285902,0.31668977999608233,0.9804753309143184,0.2177480250064121,-2.0210861137013905
-0.34077577268445736,-0.6366868456692759,-0.46775665331446314,0.2685278684857899,1.5733914503514659
-0.005737643243767274,0.02022211585126551,1.0256123603503313,-0.5700416335965972,-1.3161792885935744
0.28390293355788765,-1.4789769288632377,0.9864931122059464,-2.0215640011620275,-0.5694675540698683
-0.7675129592248113,1.8302287260501289,-0.7853295658141473,1.2545006860859171,0.12961971112236592
-0.11934208384877268,-0.7062347329955295,-1.023599982443455,0.2723779012044456,0.20819785219111758
0.2543400552003955,1.5793605134807873,-0.08048692147650197,-1.5114942678742231,-0.0674991048139474
-0.3169237989554132,-0.25319937292591044,-0.8433384326780864,-0.4489694350684892,0.4502040187497605
0.29041739301096625,-0.0694866428867701,0.5511358200470509,-0.8497617406226476,-0.3487238266048121
0.7713852975139818,1.188454225225703,1.1142271504196846,-2.0698759468734145,-0.9059261253342681
-0.6042960520921627,0.49945557828068604,-0.4751475958597421,-0.18807788379580082,0.8787757183847589
0.03355782539524671,-1.4695967478382768,-0.6286842157982044,3.088873472349162,0.6629850928017706
-0.5160006165260025,1.3604804553567869,0.8363107026869621,-0.3268329326311106,-0.6922969955558482
-0.514186807728573,-1.216687607827734,0.6380351917719018,-0.7246443176310842,-2.1331845337381723
0.9496604029891086,0.38244477642870284,-0.915650135741489,-2.2249369158243226,0.0705306343320458
-0.7410525247988812,0.7469140976093894,-0.9460060257621643,1.2405337790925106,0.10629663152707296
-0.5684479137640536,1.630895279904952,-0.8530358426005411,-0.5458030479029604,0.5658095365580361
0.7068579230868617,0.01078123390473512,0.5803154138209214,-1.7481555892465994,-2.475166409878358
0.034526416195687,-0.9067137689680463,-0.572467077753301,0.5348722702628133,0.9971681876782464
0.1458656539020249,0.18601209753659986,0.6662561978707591,-0.6487855023259327,-0.3229082882259073
-0.13094722457635588,-0.918892943332508,0.5895056329948015,0.6171344834948409,-0.3167858772489277
-0.6671008524571321,-0.046058946410275796,-0.6428402008731643,0.3805567845218787,0.8321569317691324
-0.4868844790632172,-1.1417563986182906,0.8853162741503391,1.1634676901594019,-1.4175805971033442
-0.6598851895208058,1.9231801581134187,-0.7988240713411351,-0.9383609333698193,1.0521540382983636
0.5270333218044967,-0.08663961817703861,0.1967960179588521,-0.8533256882583788,-0.2574985841585107
0.3566055490848882,0.08628095572351349,-0.519631959350431,-0.7375460780823189,1.6736716986000235
-0.5083354359841165,1.21906149278879,-0.49542641623413763,0.022249176869995946,1.5430568130566886
0.6521212749411106,0.09792560507902816,0.8146934252548197,-2.148830627116973,-1.5414679836158087
0.12766401120309,-1.171928809458276,0.17102165023503557,-1.8795419501855462,-0.10912718345971117
0.40087217655738056,0.3806878498036347,0.7184917692249596,-0.8234113007420828,-2.7096936457173313
1.0227706481980023,0.3467928265217821,-0.8978330229424636,-1.884913487517811,0.31632716373292974
0.6182778034411689,0.18421666480176008,0.7421822862320402,-2.2400420838538038,-0.50407983487275
-0.24304446945487948,-0.276434566871622,-0.9098597653226331,-0.08700692254973053,0.14957864552198533
-0.2693770264370603,0.0807190125707381,0.6141608869363397,-0.06073906193814704,-2.319485755927946
-0.5024488063578985,0.05971740364722321,-0.9234594049143553,0.8734166516272064,0.19793115792626914
-0.7500313602404709,-1.9915351239533796,0.8893177859309084,-1.4572700814496111,-0.9648191404061498
0.6712807768945422,-0.23267310565864116,-0.6503517053638993,-4.057616125870043,1.3173417960776679
-0.3387760968783966,0.10004297481110352,-0.6083522354809918,0.9414026507555138,0.9808316115940526
-0.4102759475814704,-1.068036022343943,1.0108183027240578,-0.2055923544449223,-1.3968068574338768
-0.18624116038264,-0.7599342371965634,0.49304196519493815,1.6434472942763998,-0.2154783922054307
-0.6532258271262145,0.3359055260458665,-0.5779687673721036,-0.0029922651434578507,1.3805420916289601
-0.514160817474349,-1.9475639876050683,-0.6581551880960946,-1.2261355192797012,2.5708416474546465
-0.6456643827187039,-0.10795627506692156,0.9146424879888317,0.39120948616305906,-1.1939960551855224
0.027454786288423016,-2.13695659401043,-0.5629715090325136,0.46132916216496733,1.636493041418056
-0.6810492695762072,-0.08096365329853333,0.3041627317104632,0.1701101302082575,-0.21270378170446036
0.6039812406882866,-0.6389981330964296,-0.29338996974000603,-2.126649375605088,1.1648193637196804
0.7514874805306901,0.24200552829842017,0.9697374892518266,-2.3416829635806824,-0.7288983782333724
-0.2573604458189058,-1.0769468342700754,0.9513607772471007,2.6414321385156323,-1.0818489172384105
0.4822527790249139,0.367232812721334,1.0232002864488539,-1.377673232994943,-0.9488838725012406
-0.11784922207817587,-0.38099817611780257,0.9728563264089946,3.292444278681206,-1.4104523391259964
0.8546499197638151,0.5949891406387487,-0.5678491540349507,-1.9067933522745517,0.8459632563850724
-0.6214015145094468,1.5665265316182235,-0.672385398320831,-0.10756618717108224,1.2491678647036957
-0.3995825089766458,-1.0626470786983708,1.1527774463877767,-0.014364018365244924,-0.9356269833557381
-0.3400065127308499,-0.6625610546156575,-0.8109007547607678,0.034810281919028574,0.12572246418980768
0.8811898828931451,0.4587880376453202,-1.0042707999131741,-1.9214482901818422,0.2625154363579716
-0.24435863916448025,-1.255726720139211,-0.6286154427314821,3.0275520055952887,0.8067464337408825
-0.689884915806892,0.5392796687494923,-0.44754915295195064,0.7138264742323035,1.4454927320590452
-0.31143592402195175,-0.6006375753962544,0.5793309425250976,1.4136500743070353,-0.38144591259387906
0.5267522878444965,-0.5677629484261152,0.01799456973518397,-1.02664057232328,-0.08762025972508708
0.4020911412859809,-0.507477681713895,-0.5116535029823212,-1.077361147168236,2.237036361597173
-0.7600314549422632,1.562020099395845,-0.08145440416520792,0.06522288797161835,-0.08079048216529311
-0.5387263826754252,1.057743218402285,-0.6389182926838524,0.7741637718310936,0.6862618605029999
-0.4696998526167645,-0.24711415371027154,-0.7673825792359226,0.2932249064304908,0.3800590172109493
0.5584147370755624,-0.18003602630163223,0.6953995783544371,-1.9268505869855952,-0.2997174019021907
0.8019605688868788,-0.16424954860849744,-0.4694820205639087,-2.1127299165055726,1.2426573906589817
0.17877003856277565,-0.5231877538224523,-0.6584907342260055,-0.7837876776904653,3.183005001563756
-0.3660090564133852,1.778955927257217,-0.48182453368315664,1.4069943588578648,1.894897163711238
0.014401945980752562,-1.0623309301231252,-0.5491699288473697,-1.2253975344050232,1.1738076191766051
-0.3606050076645528,-0.43636571613385683,0.47516649713647874,1.0805731182763614,-0.25841851464028065
0.05380091783477656,2.207244541666841,-0.8027687580273889,-1.948923226537083,0.5244555144945947
-0.45728600864361424,-0.40275954307565404,0.9521631727060843,0.6968738070694889,-0.9472424957017492
-0.2843146536338866,-1.0331580148913515,0.8017918718100353,0.11548394501925285,-0.5257000710590956
-0.389352778833181,1.771580297194232,-0.4273286557433889,2.395393641540909,1.0697464872586908
-0.37892307535115727,-0.11060575437841655,-0.4244564646094102,1.961995214621031,-0.03943451762402458
-0.40350011515812606,0.9616546446473654,-0.4542860218321112,0.4995074807577484,1.280344907418307
0.28579454875028687,-0.8847454753737901,0.4630152129673164,-1.4296199846454625,-3.091389863643945
-0.1273692128207714,-0.6220784671892782,-0.5809039532620301,-0.7545956928685613,1.6154678286411286
-0.39335268315585165,1.0658827070500276,-0.5927759371623891,0.5299443582318457,1.6430473108572954
-0.35370797084704153,-1.827660531331344,0.7586981763218723,2.4793070737432226,-0.428507225678963
-0.2929090138230914,-0.764430823052365,-1.0670147901744231,0.5634355582348349,0.26583049272754244
-0.3864163832540856,0.8532733615599569,-1.0423039982542022,2.9418178809428777,0.18849622514694997
0.7157530634556638,-0.8463779760627832,0.3946425652043444,-3.320418446175966,-0.3253723575748592
-0.04615343109953132,-1.343660206597867,-0.466166391928017,0.6789372126716575,1.4954631847618929
0.21720304960978565,-0.7156275820149964,-0.9291092326525552,-1.8592287674826837,0.16183759828993402
-0.012970889172299438,0.3650785516240881,0.7795153504709335,-0.5187588685086978,-0.47801548776342623
-0.6404122607444345,-0.22192415144012334,1.0426949574788775,0.9146903741451922,-0.7591716356882388
0.109782531694912,-0.8675047339863249,0.4484262820119338,-1.3976768418490289,-0.3301248264894067
-0.12798389683917952,-1.2713829034008144,-0.32128142792218606,-1.524629833314227,-0.05076975233393176
0.6922574441156176,1.011137902595593,0.3470886657939145,-1.6006614107874613,-3.4304542960352142
0.30544749534947946,0.30088518096167965,1.0294193739004704,-1.0199521652513808,-1.6671410077590787
-0.5326766928611818,-0.27827254173036126,-0.9384873521766081,0.31097512738247235,0.290856922913123
-0.6974955448331827,1.0976379346898513,-0.9328961651344253,0.9331558259495905,0.07628566570271254
-0.37478982756967233,0.909789152151035,0.8827752755072713,1.8576652343299669,-0.6145465358291127
0.5892794860758378,-0.7660908816876821,-0.9864609118619454,-2.19052949597621,0.1423557270683125
-0.1672856905137906,-1.1354257617292989,-0.7512766143223906,0.33943166342146736,0.039298640381091744
0.11522493031508724,-2.1098960894099235,-0.5831106665304074,0.3287278774273814,0.9781788937786073
0.9704878450341722,0.5803698941789487,-0.8119237695855741,-2.7447394130876663,0.39814555082553404
0.37009934717189363,0.3252105847856099,-0.6248111742184947,-0.7314744352717334,0.8951013919267949
-0.4962311768344175,0.7289381342630978,0.8636762905246786,1.4681863739933614,-1.1706960142788676
0.05294810932435164,-1.5974245682982307,0.9551849631866053,-1.699967091777136,-0.6547585011506349
-0.6364557147573517,1.0301934267612272,0.9772456720904433,1.5316631459795924,-1.0289660761201178
-0.46100318534699236,-0.5174771913340509,-0.8281066080621019,1.3445831033222029,0.10964680949035499
-0.28568169752435474,-0.6948983142396855,0.9286544143486698,-0.5111164188663297,-0.5660927936855025
-0.5401281948355879,0.2738796989427884,0.8166710449189205,-0.04346394803272047,-2.081006765602397
-0.4488288760182708,1.2994793548721897,0.6093565267502854,1.21876587324927,-0.2794909340098215
0.24897371154046852,-0.7197396318888512,-0.33147557417071305,-1.3896750161867666,-0.04271321213925098
-0.24968112295111286,0.09012381393092347,-0.6040414294928061,3.0988977046594792,1.184009132555663
-0.5781255139848203,0.0701079198840734,0.935998102167289,0.21281580005581846,-1.9781995957469949
0.6161708992385158,0.9172913844089993,0.8497391455035457,-2.1416603400358944,-0.6169101763544644
0.6071524983150508,0.578264652136819,1.0883631990597633,-2.1185386722112507,-0.9698134722913013
-0.5101329609989542,-0.0756987249017518,-0.25242277778464484,0.8549060716321637,-0.04215525354856294
-0.8990092968462755,-1.9647655744101935,-0.005345333653563905,-0.8715322140889774,-0.10715152018859836
-0.37930166453657693,-0.18356486856198267,-0.7121399379009643,1.382691472813827,0.037679958933699326
-0.9597670887920723,0.1500383537573808,0.36824791472596385,0.29190030397260447,-0.1935765188917346
0.24515125697962395,-0.9814675724091654,-1.1130314133228747,-1.720276660734109,0.30908453362586324
-0.6281378427509642,0.30566437863011714,0.9596444804425882,-0.04082137525029006,-0.6963885154697569
-0.17354854641963283,-1.3677642187205434,-0.5928114373412501,-0.398983938909805,1.5873156500479422
-0.36201017812419617,0.5236409553345607,0.8501735030848108,-0.2313642660423475,-2.1380905472667098
-0.11714468902365635,-0.5148366818230613,-0.579752771983124,0.1513764876925887,0.036044214886381175
-0.5061026576663319,0.695434037744913,-0.49555831325237754,-0.19612866490701886,0.7995005199670102
-0.7422408700002515,0.6716246856499436,0.9377233704161516,1.364321004950483,-0.6414293543838152
-0.18773727797211337,-0.41329362504358524,1.0841921604344218,0.27262400575851564,-1.0483306430275732
-0.24864354482505985,-1.0853791318991728,-0.9654272093849564,0.26215896333815936,0.311681320794587
-0.2668273326645453,-1.699201918895865,-0.7162208054021096,0.5421689226592981,0.7438102532868982
0.8953396771567927,-0.01058989075932733,-0.5631420038378471,-2.089220659561889,1.2026248160935085
0.3323809977982678,0.4609935794666029,0.9554117975373095,-0.8847816148110721,-0.8058515145958199
-0.05770146569703752,-0.5177711835514025,1.0091423112459001,-0.8791968630927314,-0.9332855234153293
-0.2241032250868465,1.2819523396460688,0.3566634846406494,0.7919875078298124,-0.17630549908203882
-0.43270300537915296,-0.215104539927527,-0.6546824003284104,0.22492733797380904,0.467104541092016
-0.10966762250469944,-0.5616808978721062,-0.7032329002719004,-0.03679799893214852,0.7165436746271695
-0.704008282522092,0.49956989001469443,-0.6109245516370136,1.1253985240279314,1.210759390213515
-0.15187041783695465,1.637426942048146,0.7190486891735264,1.6711030695490958,-2.2873773458890914
-0.39405232284676867,-0.15943406492203718,1.093525969748764,2.1880114542524884,-0.9254547059254432
-0.5107122456858256,0.700860445731089,-0.3562215386156185,0.9535158324453705,3.1371333601201257
-0.23394992454681746,-1.2776004871165731,-0.6280383484253587,0.9311741589213027,0.8538793782288815
0.485769613167283,1.4564262225354916,-0.8303488061159819,-2.0720032532698878,0.7192965106313682
0.603459566033793,0.3676022980560887,0.6924848931948148,-1.5932886735549054,-2.479382013458901
-0.7554784982548653,0.9511538515383613,-0.9598563547317224,1.866215725404063,0.24836979733145662
-0.20085107122232165,0.12671068907423505,0.9782153966392628,-0.23213163565084027,-0.8690254384120846
-0.6657076788929894,0.0986083518625006,-0.9274407160817686,1.5687645134259713,0.5827493881920581
-0.348657856096555,-1.0936121633074931,-0.4774079220759381,-0.6363899216252425,2.3639416683931858
0.02214756933529341,-0.23055935902789051,-0.18702804158154862,-0.4392908630395078,-0.07248328511097069
-0.570362416348088,1.7301686113270454,-0.924697896368006,0.9609377025257684,0.3683904756398121
-0.6993897946934906,2.1478643079711874,0.5494552333976341,-1.3106366885528666,-0.4214053504183242
0.11779276378868986,0.07985466990126766,-0.874539316401154,-0.5724216530793738,0.4485681198986485
0.7497606932448089,0.3763833531527285,-0.5304122110474404,-1.4525023410801512,0.9032113533688174
-0.39904472889140097,-0.9879957494117224,0.02125794716901669,0.8078633260604839,-0.07422278423570232
0.542542383765155,0.013077796915452446,-1.1069716527420819,-1.16269233567438,0.3153829574425306
-0.14655480885961286,-0.6870096532628466,-0.9021637538181215,-0.005156289451776042,0.3103040072036758
-0.5381995699189087,0.2106703468802633,-0.8944497565460304,1.2142594030815022,0.12241789084710746
-0.1716176781548341,-0.5058230085286279,0.4997999262919167,0.37386730605468865,-0.23253204696284763
-0.21218518339750955,0.5730979028351485,-0.5481150970214967,-0.2977807687093723,1.2910572181371478
0.3775956952039222,-1.0168754501780704,-0.678513692574907,-1.6935107394287854,1.1046009501044611
-0.9663587505619005,0.4625718294561925,-0.881333317466312,0.3130352387750128,0.3099630672298162
-0.08114862334345738,0.2794572520525273,-1.0072275324828963,3.7135379310812198,0.11709047716744274
0.3974274043505558,0.047519617605041926,0.7116987127980845,-0.7964359640797338,-0.4035188207389592
-0.7652869706272016,1.039848745431682,0.9350927368469827,0.4244725730495911,-0.4402129313560109
-0.3639656517370255,-0.6041756384655261,-0.9036264474484846,1.4606821384092536,0.18558511334072483
-0.64054192895239,1.2147233850387316,0.8549262779479133,-0.1773910197746108,-0.6461434189572938
0.42065161409373825,-0.3704272644674945,-0.6278340006356559,-1.0566809340091794,0.9604753128747249
-0.1706152541987194,-0.7424443715838337,-0.4684997839633085,-0.6711288271532853,1.0922201761930088
-0.1785759139030684,0.8468793282647281,-1.0581839757425013,-0.7231424740064685,0.126671342948989
0.09074857190258215,0.3205053249971895,-0.83712363787081,-0.47535172868311226,0.5849138565213574
-0.139082849737738,0.059262356432451986,0.9555068901032475,-0.45641310999921136,-0.6763632529810638
-0.5070118933005638,1.4767346416561626,-0.8155065787987225,-0.7819864958471656,0.17083798802751304
-0.13697364965930783,-1.25080949042046,1.0950553830652707,-1.2680583899648181,-1.756541659479407
-0.47251119149770093,0.9509340520135838,0.9585917166972503,-0.22311707457132446,-1.6169776527473678
-0.6451886795882688,-1.4925573935413232,0.9213063050927737,-0.05035350555252904,-1.1400290979409582
-0.525601457363655,1.600673652597726,-0.5052802777379134,0.9142114541689115,1.1631176719324938
-0.47905570500094224,0.43067612416349876,-0.6037458845231615,0.08239951477033425,0.7123721384069064
-0.46019187719381893,0.8473211310746893,0.8445282195748477,1.4085038513757584,-1.5289884619912237
0.48112540786480357,-0.9355353369607224,-0.5973966152288611,-2.389620077769895,1.6944055634901105
-0.20908546104786968,-0.31150133086524057,0.602566596119787,1.0895662104473165,-0.3685598975785183
0.3778488992784137,-1.3118325639310129,0.7787519271156674,-2.054903215414093,-1.3505509811010554
0.09255532732742483,-1.192768300025685,-0.7940925887030073,-0.4998005560163581,0.30915081972167546
-0.9619293157340001,0.7330889920359768,0.31415065328439323,0.24538300381166134,-0.21141648207528319
-0.8092737601997025,0.14829284548145197,-0.5544039026551248,0.4425916217395811,0.8889450555958266
-0.7042302134329345,0.8447236610505625,-0.8139399086682516,1.1110151012472658,0.6279110946002976
-0.8241235443711891,0.9639291287655343,0.9961395220193546,1.1285595715287755,-0.8234846808968186
-0.4398606766260136,0.32596789025029493,0.8288787267785716,2.0050203252026852,-1.9118161754120984
-0.49551633350384583,-0.7737612291856648,0.8924945195566567,1.4327092863946382,-1.0950537438049746
1.0643689124312694,0.6863618032521409,-1.0619562641355222,-3.029930409977061,0.11562341360027605
-0.2317665454702259,0.2604486676194929,0.7834715827127652,-0.30581760931782287,-0.6013751824099745
-0.18830205403821687,-0.5647322794699231,-0.7916451533899584,-0.29467764485570547,0.4707887135603515
0.16669892931604863,-1.263472207331948,-0.5280176251294145,-2.032218681792208,3.3767706437840834
-0.6753478778159479,0.12561183382367672,-0.38160164953605835,0.046051674141421195,1.263553454516559
0.3000514032058595,0.9614066831046014,-0.5916648547843949,-1.0433153050177564,1.0427081699246463
-0.4278540221530392,2.0234479790038535,-0.7221692039221439,0.6726594944126791,3.115085340571666
-0.22924678961062483,0.17235330323500261,-0.7982471455661523,-0.38895570135574864,0.07742419183688413
0.9035686860940129,-0.08410870352237022,-0.5563304876065035,-1.4719346873770909,0.8331351157629949
-0.6107569572713786,1.1571965404344162,0.917023421942462,-0.45752617039502474,-0.6970175724695274
-0.9542564019137225,0.32138207309846106,-0.8582063912439151,0.5922754801312204,0.8762836064695525
-0.3699952590578485,1.3235130267182524,-0.5771977994573371,0.7235506244857206,1.4232882159072882
-0.2537736884864401,0.3708585509027793,-0.47938517067617,2.174812165920805,2.1647534018699606
-0.6374634151118602,-0.9180825496204211,-0.08649872535485895,0.9667353726078278,-0.05540059394684071
0.27752495646287617,-0.09843720051514275,-1.0360036227154414,-0.8183972787479176,0.3050794555327591
0.608876318370644,-1.044809033877827,-0.6068643851009182,-4.049909429538874,1.2461151676248057
-0.5208403996380903,-0.6516888955793816,-0.5895851541280038,1.189168535491711,1.0876031491585436
-1.086693416934578,1.4701398951000135,1.0029948277572538,0.6516455136244088,-1.4276908220378608
-0.43942489517404626,-0.31505188592850675,1.0917416592243507,0.571335445908143,-0.8551958820654112
-0.4569970719873147,-1.0371114018080372,0.6348392818259684,1.7001526174492145,-2.4296556294124163
-0.09337996407314557,-0.4377559394036743,0.8799898508878744,-0.03138373980266529,-0.9078208996575282
-0.2855349406812277,-1.76668208870976,-0.8236799574485822,-1.8572812538288583,0.6194816044621663
0.7947712463917885,1.104695892028273,-0.48542603565345127,-2.021023781503774,2.0320124216175497
-0.23144374832759235,-0.6886345338860976,0.9677893516878043,-0.5773084698991158,-1.742643553006834
-0.6925869575267412,-2.2282722159667174,-0.45810812847209076,2.5787083715482315,1.299616903301498
0.7984155116814979,0.06636806507430613,-0.47941987044784506,-2.3262158004411995,1.1886819371858224
0.8799221860022477,-0.37041234693998837,-0.7193267235195935,-2.488293052592069,0.6452734830950726
0.7302050777237283,1.2921628995033079,-1.0838746986952243,-2.2126837794683123,0.20958758847075998
-0.590445551646396,0.18959900085571413,-0.5460066213465794,0.4810219367188475,1.0322218253380748
-0.27421950105872184,0.7232178058353024,1.18771660628839,-0.7624911228952502,-1.1845861749816449
-0.3674019326006021,-0.4499668908233981,0.8322359292524387,0.5749131530966642,-0.6491661158653604
-0.31296161877100903,0.534770208005142,0.36895906654189925,2.1644659361190897,-0.25104132047219074
0.011344884470595258,-1.1669154915362077,-0.5984090620185339,-0.23274634700381447,0.955999164977234
-0.38466300428993444,-0.43993148807999594,-0.6600334417502363,1.4274785202909195,1.1477484180333772
-0.064531330403191,0.09816323261286745,0.35361433882917115,-0.27480124330360567,-0.21560823848908878
-0.20899400763499443,-0.4135148804277635,0.7258356916363558,-0.1280683805128794,-0.4747092430586488
-0.48426124231444134,-0.7098615506213821,1.0566709574140638,1.2771254552219715,-1.4980968810073447
-0.7112927460247866,0.7254347880192785,-0.6387868787548552,0.16882307631261506,0.026560619571137725
-0.3919709476082268,0.16028934527953526,-0.6949148080962436,2.176490589250459,1.6724421406875478
-0.19353696620700417,-0.49494207208783364,0.84359723745706,0.4172018458523892,-0.7697439963844721
-0.3411263292728338,-0.9222995957765244,-0.6963302805416812,1.5358905105342981,0.5253529525511171
0.07900417354272556,-1.0176484289791368,0.7831646116710363,0.6707132076305695,-0.37375127642074407
-0.40725409683854086,-0.5246510915021178,0.5259510817192106,1.3886031733785638,-0.353444883673423
-0.550644542077656,1.8251121492236175,-0.6797515243933901,-0.2513946598190827,0.023948931771890558
-0.9475018249575915,0.939394718261346,-1.108927662343889,1.0520887147660107,0.2213137164151077
-0.62080158446158,0.46959124822986903,-0.3402438266123213,0.5659302245983158,-0.02403461374464929
-0.6439715688166994,1.0844909347518754,-0.6436685099825233,1.48604903470684,0.7257171905242991
0.5258209470736994,0.1005361113255157,0.8725419244857687,-1.8134989614236376,-1.4564514518846
-0.2317816895044903,2.0811652544620203,-0.8461033759874174,0.4026433355550223,0.335397881567406
-0.31188161636515954,-0.28174292309362514,0.43857385976190844,0.4236169913170438,-0.2264663059858003
0.8070978842589719,-0.3321469585994039,1.1024810488937231,-2.0806226505168923,-1.3156392439601798
0.3623382601542574,-0.7523867146545358,-0.6661658498121574,-1.3498151019896023,0.5385236150274644
-0.12126787562002003,-1.1049741143450211,-0.4220212823964621,0.6816268324321464,1.9346703879081395
-0.0924442284579549,-0.56577093222411,0.7993776580432227,0.3752649389861402,-0.4581019526229558
0.04294214332117537,-0.6140211644827605,-1.0158656907151384,-0.9047849161841952,0.39802956155315206
-0.179058866806802,-1.9134722410672302,1.1276068281547136,0.6409336194350153,-1.3733306862698893
1.0020561194831448,0.39802043165027834,-0.5827257391259266,-1.570885121475842,0.6786581043368627
-0.24762701568138362,-0.16249605592049066,-0.5592979299850349,0.1422055278581329,1.21731254821658
-0.3578941533968042,0.6257756211970703,-0.25072872478590547,0.4196058670568308,-0.03478031502256637
0.2996317599200299,0.4819971807922513,1.0590577088011948,-1.0338297158162684,-0.8106978025576779
-0.07544088143058332,-0.35854979150666744,-0.8007207346060504,-0.16145073367178886,0.5320723512359863
-0.6795278895613039,1.2683704093895358,0.21750711311582566,0.3078586005136379,-0.15981347022280762
-0.7571633254396635,0.6078233608040196,0.9286929423173279,0.3230282484316991,-1.6451641249982338
-0.4961812740952434,1.0685950498012091,0.710572023228405,-0.6929060673585352,-0.3309851584504109
0.05996987209191482,0.20041210034974521,1.1498076867534381,-0.5919945446047054,-1.1743113421869138
-0.6416767342839689,-1.8399586766462421,-0.8460904332303398,-1.1060720635170436,0.036469914776449924
-0.5463373863603822,0.4201751990078903,-0.735667544439212,1.213602426087128,0.8654416331717578
-0.3124134675988304,-0.10549203350169652,0.8487053709202848,1.7105616589294717,-0.45109915764630887
-0.5121817423543248,0.7044228777614188,-0.31216238106426575,1.3054452639157135,-0.06477606619456348
0.7131850808919244,0.3670622986256964,0.6062098519611496,-1.8189314303031943,-0.2436388771839036
-0.16271404236671927,0.27797630071986806,-0.4495202283850956,-0.3141059193052118,0.0009018637597262246
-0.11177073191117468,0.2840670895347499,-0.8698032438335572,-0.4591425873599342,0.37512267170238933
-0.5759541883156988,0.4772985706304455,0.9150695920113618,0.04467242009710026,-1.1981335083260873
0.782218034172603,-0.4519975364019281,-0.540423116188832,-2.5402189476941976,1.2519152236789624
0.6090321150539156,-0.3363414469779045,0.535059179413112,-1.308828545407125,-0.24054996294199213
-0.5066073689893424,0.3034886808270358,-0.9987246189568699,-0.04777208138782818,0.30294030634236785
0.7508904324420252,-0.4237854875972739,-1.0209994745874469,-3.4857061804696943,0.32891957259554405
0.36253989206919623,0.9723649056377712,-0.6232853455358562,-1.1631921487574037,-0.00028451585030111044
0.6804903901104904,1.3363180378559,-1.070453596827489,-1.736260633975744,0.26219717557127703
-0.23965645218532763,-0.3640417708999931,0.9781334526428308,0.539205199767369,-1.6059246166643881
-0.3597419740658868,3.093440335886804,-0.6566183364094944,0.3978285477649004,0.021995156995942927
0.6851120058580733,0.16039365185487647,-0.48572455065599685,-3.0771992142085223,1.9483313749669846
0.27897339477822497,-1.886231172935056,0.10186470799256002,-2.750331004079439,-0.12523984314935183
-0.7157196801353847,-2.3267270298198337,-0.718512407046699,-1.5169314235527245,0.41178034845994427
0.1413998751375769,0.391486200993824,-0.534770098783366,-0.7092811259176335,1.8641732533989646
-0.04228807276404871,0.9823681999617822,1.025629159553344,-1.0373551458013284,-1.1573173559769716
0.27851388820761713,0.4295684041690167,-0.7609312248829988,-0.8269119095626452,0.9010762237203764
-0.2528848710984646,0.22256687278721515,-0.8104668085912486,2.537768599245866,0.43699742510000905
-0.009580471345527666,-0.6993795459025396,0.9932875443168523,-0.753329051898689,-1.0585579620792085
-0.746291800991273,-0.7584474080729476,-1.0157586430118344,1.0157980698892506,0.3061846656506707
0.11080531343147057,-1.0147403267333177,-1.0546523679912454,-1.0252283449076482,0.08012306399354867
-0.6878179152650001,0.6787149832647126,0.9960936854531763,0.13519382489211274,-0.6409314380958128
-0.4481925640153753,1.4658155672810875,-0.6638321703151361,1.685583655965965,1.1069764705145229
0.6807421024493553,0.3410656535359608,0.5655337781191567,-1.7904841161176899,-2.459868483306101
-0.6417744949749233,1.1858693989176756,-0.5381549307138114,1.720737323986163,0.918378871044027
0.7767324685081315,0.8703800192059788,-0.9859659815254307,-1.5561379924314593,0.2669333974895857
-0.44849091448294565,0.3911884304950255,1.049492515277167,1.7819370151399787,-1.8717245134039935
0.16425382555412316,1.0540143999303717,-0.30842599428944045,-0.9939486245702153,-0.02161988357943412
0.7328370804121962,0.15368006112816748,-0.856611961261695,-1.1127732712258311,0.42936313305449314
0.8324020365101745,-0.5525899638979445,-0.5400684399663377,-3.0977150767764257,-0.012412368844343795
-0.25123169931652434,-0.7595071355048377,-0.8911261266619391,1.8010562369822947,0.41085467396910813
0.9109917588322847,0.5126938993509164,-0.5032089967995812,-3.1611645380093365,1.7584851407067532
-0.5696423896498918,1.1805700559631438,0.5749954710811671,0.9369805849493875,-0.3423609426501539
-0.48489349249971925,-1.5246445052456954,1.0327266836286955,-0.903838726335005,-1.628135089344525
-0.3999894894903913,-1.6743162754163476,1.040079196585091,-1.2018820932939676,-1.3879044710775525
0.05563235864243805,-0.6481278137768285,0.8824696219798968,-0.7338072520364101,-0.5778511475465407
0.17121939112491127,1.3884955986614538,-0.5984611231697892,-1.4079229202951238,2.107466421241412
0.17153047702200833,-0.36549234207920384,-0.9631024288724059,-0.4296602184318836,0.21412200918313787
0.9763620402702012,-0.15226812188069488,-0.8098704413467922,-1.6164248728761468,0.5320129852637351
0.5710976089463604,-0.5832426436967147,-1.0162206047295075,-2.6490055086656743,0.2561376258161631
-0.44660486628472196,-0.22838240370034982,-0.9246761866473517,2.2928049771857446,0.08647887762045492
-0.19485416600852018,-1.2971501343851066,-0.9407814463162668,-0.7380087637715786,0.5658859365009601
-0.2868004043833944,-0.1924898987703766,-0.4983167241593963,0.6609606908682406,1.3487194888425587
0.6753773166043071,0.2929961676556678,0.6484752387222165,-1.7499318783825932,-0.50965033133759
0.4719513883857793,-0.027114306016642557,0.8916533186404185,-1.3537933848013024,-0.7833776963439326
-0.3563544400209654,-1.8055566865831767,1.0373293629207871,3.221832214625434,-0.9392383157477671
-0.2212898380604329,-1.0101080273752947,-0.6270521200573893,1.8933767648924102,1.162267769962996
-0.3817949491422378,-0.0790146467370256,0.8979817236427504,1.4062692427386856,-1.2421608428893156
0.01382849560462122,1.651934828682051,-0.3412238169923888,-1.4118100814323793,2.425111846953505
0.7724007757004862,0.3566354708968567,-0.43429231678327157,-1.1994019727339138,1.0572218730112077
-0.07539948033616112,0.864375653187237,1.0130124240796887,3.4999685117451698,-1.1090499308955386
-0.6010676598404243,1.7237099560681348,-0.46534189499711515,-0.5084286626938388,0.8358187102921161
0.056483065650357336,1.4976638731786664,-0.9608925033896225,-1.364005021343894,0.1915087475087084
0.50308194034915,0.5407315596422664,-0.48878771536271537,-0.9827425354356014,2.0097008809978125
-0.1745524294029783,-2.3199391407235663,0.029211966067008682,1.5110857438829588,-0.06026251001631395
-0.03722885997818784,1.1581163158951184,0.8739165734902617,-1.191454911131877,-0.8767464632511139
-0.3530095137221828,1.0695568766271006,-0.9609001712646925,-0.37766452411661267,0.36261512853294803
-0.41550727137478743,-0.7587536030583631,1.1798972847296239,1.7293051906742143,-0.8442097738703372
-0.2834037517163434,-0.6419785785224936,0.7188470640206347,1.695877418327671,-0.5002825460958997
-0.5706499028505302,2.8618423837208335,-0.5566144449512482,-0.91454390237535,0.6472556866848991
-0.30269927575215066,0.8726249319087843,0.3180726198894604,2.5777332155808312,-0.2110334128271203
0.26197113648125336,-1.2388140486350812,-0.5226869920478399,0.2594230173609733,1.3244026108355982
-0.056151360006695794,-2.1428132424093893,-0.9450163372374757,0.6488953180468999,0.40270349028018493
-0.7317298378727951,-0.08615200736796136,-0.9706866783144349,0.3958596998768371,0.22461018710170133
-0.673694802095479,-1.7015267091521302,0.9704766996892799,-0.38661224110648706,-0.8426024353918353
0.18158354585258007,-1.147302035333056,0.5512955514872012,-1.5780994402004058,-0.2968557982262052
0.46821458625296153,-0.8624760127728942,0.9522135537485694,-2.5638343159965142,-0.5747318993677873
-0.8338224822483666,0.34682734679049193,1.14639790917149,0.6423875340285476,-1.214376013562102
-0.6953882850512624,-0.30479927182126004,-0.9419292719136387,0.6510698041217367,0.29832014369465015
-0.05123412154576916,0.8742124426582667,-0.46562577617115125,-0.626362478903998,1.2907377397448743
-0.5056776482845766,0.021601529217623167,0.27528024860831435,0.7682980566111235,-0.23821606229276604
-0.6381979235858936,0.7202112344503866,0.8632742634115126,-0.07962341556406616,-2.025347510733672
-0.552607037730307,0.38528654667140677,0.8785051707370619,0.3372923567607511,-1.4883284816757971
0.8680171573532682,-0.14792686286669224,-0.34219156985277016,-2.8950514775277973,-0.032151102614752604
-0.46689726343531956,-0.14816014069908234,-0.9586633414265224,0.17497728504041654,0.286066895707198
-0.38610544534645097,0.0637030169365919,-0.8943328159093475,0.03714462616023129,0.473086651582248
0.6110133284751661,1.4451362043434048,0.5448141235470378,-1.7509139556980164,-0.3064736681011519
-0.7826846027667131,0.07358313917355491,-0.789936114374974,0.6003266942965435,0.5962721728007614
-0.4404118637958544,-0.9559554787344764,-0.5857769510745235,1.139380421409515,1.575917233169028
-0.46934769207770183,-0.995649775836327,1.018052464648949,-0.563375946824459,-0.8186175591831331
0.6156027838910096,1.5133989824677696,0.9803250580584988,-1.919746026044482,-0.8191164439739598
-0.20986823913737787,-0.4447940988671385,0.8893588315795046,2.054885229294203,-1.7163319415450613
-0.19326601998143128,-0.172355868589172,0.6180073995702817,-0.16845302650754024,-0.3031051325252653
-0.6828175366967502,0.22023037247366403,-0.9104893558507304,1.144300894891383,0.07643325781644184
0.08186092918089263,-0.31781846916852075,0.5869586291233377,-0.8563425388538293,-0.31293394420807935
-0.6129194159649438,1.461960972366816,1.0852004711124659,1.4152593812907734,-1.109443319977299
-0.6283270507876726,0.7360656833473137,-0.5759513907228309,0.20848611049823984,1.4647907715922306
0.27434577755725137,0.8840186035322323,-0.6661698419698923,-0.927861796904855,0.962462768710594
-0.4972683770008897,1.3407213709107155,-0.7896287532554476,0.8783375708204957,0.6902629223016271
-0.8941132913544151,-2.1772932770287694,0.949731755951463,-0.08505687188486177,-1.4476701941139014
-0.25489724588455687,-0.4594959466047384,-0.8833919619204621,-0.14619087094006333,0.553131885624562
-0.5218160739913832,-1.2977007875795878,0.8637187104968469,1.2884007613119128,-0.5169475056695173
-0.2301164273580661,0.10042432536807863,0.9903974198876059,-0.01926348586764226,-1.10481645387088
0.002016522620279723,-0.5832996229337908,0.8004220055435661,-0.695892237200837,-1.886840577566201
0.32431175528304473,0.8173621705218976,0.9617625685730762,-1.1537914286995306,-1.0709228218680165
0.2763746858654803,1.4089090072589936,0.6312407660291136,-1.4703937341708304,-0.5011902785383149
1.0316071945144611,0.10064158000904722,-0.5870022394783958,-1.7235686870168454,1.5606875062032801
0.47671233597547186,0.03547440656728001,-0.9558684546942027,-0.8063281867988077,0.2637597775258723
-0.14332402655329718,-0.0512625929178151,1.1221445866285418,-0.13448748037962188,-0.6450339780092622
-0.3588965209294456,-1.2247406647075294,-0.6010156168690843,0.5275622631303543,0.9910603125420475
-0.7747694870803133,0.671297016683136,-0.9358334940377238,0.22076914267542236,0.2169781984382171
-0.8213069285767249,0.2423455209483307,0.9622699991753405,0.8308826594992511,-0.8936916305700626
-0.37768536902851424,0.956604874554122,-0.8932619675837549,-0.4800857375934636,0.21327665298172213
-0.9962455342634109,0.17808393082182172,-1.0477600700759302,0.44469591319500035,0.14234964072653522
-0.06911494761314925,-0.04615055923614792,1.065655522828954,-0.6882983688882607,-1.0896377759617937
-0.7562409984119632,-2.262367042940728,0.9844139382084447,-0.9441063078344811,-0.7560692549912512
-0.6980135011545248,0.0878614196944782,-0.9301001392915766,1.0650343434365324,0.39619448168935667
0.9403063421444604,0.13817141346846726,-0.42902001126031825,-1.3215851902052898,1.3257025980992474
0.5992885236992778,0.09293047542498693,-0.7082781832558868,-0.9490188127741557,0.07472237156873138
-0.45818549828138866,1.0749966946997997,-0.4591503974985403,0.23738793060659202,1.7045637909029265
0.6684105570980798,0.9753309731865841,-0.978165950767544,-1.610399593204435,0.17726518691522394
-0.5925457134215648,2.0191374779038753,-0.5762481899282645,-0.02014117239301716,1.0676789981014387
-0.23165213550537378,-0.8847721302742687,-0.7261412594328174,0.6193732843224173,0.028542216556613893
-0.4120619092139861,1.7959624396414753,0.26543797864842433,-1.0787936915551115,-0.12208730481202712
-0.5658097936526287,-1.0468789747494631,0.9097327847695651,0.13884900936939482,-0.9395911199991591
-0.18072921551189558,0.37986933015459684,0.5869503530364893,-0.4435577278882048,-0.3280715677251281
-0.20249176326652754,-0.18367911170648318,0.5597506997920109,1.059531929061262,-0.38595762539086564
-0.07304795436540366,-0.8591754722853372,-0.7144147583742306,-0.4819476061539095,0.8403088425992727
-0.5608822321702144,-1.4778334848029198,-0.07189690343734068,-0.6972009111145169,-0.06275856403218766
-0.6881126077698297,-0.008748088675459332,-0.6289248755433412,0.4675086426596098,0.9908511482218975
0.6665823573177118,0.49541426017972123,0.8540409361310964,-1.5387668772135294,-1.5699290788230846
-0.0521270705719655,-0.7210064225221563,-0.5354659529016056,0.19786980902625428,2.1217509339727805
-0.14282250915671163,0.13399398204914748,0.460172791849103,3.2061196944226182,-0.32323851693142236
-0.37038544588811023,1.099074215603584,-0.26933234542851137,-0.5146159305963725,-0.043180330066435006
0.5821871939952401,0.23558905496300325,0.6692256679690248,-1.2455423795791907,-1.8901891214200748
-0.24919853951786747,0.6553334680896108,-0.7627869919700496,2.652792236930807,0.9578599850479067
0.4358973278848025,0.8902911787912453,0.9901400773821616,-1.342236601538215,-1.6657309746853695
-0.5144657561756854,0.5305584229175556,0.9310690995121298,-0.22868197435689464,-1.345392322506447
-0.29981344297242163,-0.6602927747460605,-0.6691851653934043,3.1197191966695303,0.8302411205276797
0.4245711301129015,1.5379703735080328,-1.2728991642724017,-1.9309524369083937,0.26707991747863985
-0.5056889781235057,-1.5143284145122775,-0.09797713934935767,-1.1965751286973338,-0.08073294685380347
0.3032423984914122,1.1732040523439033,-0.36296084712199234,-1.134084889276492,1.1800361014397251
-0.5409461543542858,1.6996611053819457,-0.617192988249083,-0.8135618827477896,0.8610238177077194
-0.3206047159446174,-0.3595928500191438,0.9581058287516642,0.4447683681845753,-0.8661677014416689
-0.6359192011883863,-1.135014560724709,0.9675469321834097,1.3347925073584395,-1.428704828117868
-0.37593483890753976,0.8379790448942614,1.0725633727571222,-0.3331196963112312,-0.5468238602079786
-0.33288909113815185,0.5920146293930221,-0.9545017076948419,1.7477682277296487,0.3872215473650634
0.8361680466695716,0.568680659911255,-0.023734944702133054,-1.4497216231808265,-0.06947331797481393
0.07298603965422748,-2.054727303045541,-0.9949816037509781,0.31285483921591406,0.19445635628188687
0.40902764822169985,-0.4747050110900958,-0.4789482467068435,-1.2082759358873698,2.031100096787937
0.5766005531476023,0.10156862370045151,-0.044662911644906184,-0.6637544889741442,-0.097569520222819
0.7934187523272151,0.43123562941147636,-0.8327237676447974,-4.698496968064768,0.2603324065847984
-0.48885369107977394,0.8113294658297027,-0.9146332928958945,0.4303808240784457,0.3953482978438554
-0.26836770324630416,0.050105922555539154,-0.6723979837549456,3.6959677832534057,0.7542494182765866
0.9126802998059073,-0.20980783542270043,-0.6643253587238371,-1.8488343838013273,1.3298878515628787
0.4040047848075939,-1.1519001622766127,-0.4794464886030991,-2.1972817458701446,2.2868671629347856
-0.4171746974676984,-1.203317565113377,0.15154699201071264,1.0667002120989153,-0.11547381379926025
0.14455121668335025,-0.5464073682812666,0.7652736483992875,-1.1308805926501593,-0.7405619302618178
0.7380885269657531,1.2372065912814965,-0.6686020775862056,-2.3141663522526135,1.04176591471692
-0.0241283078519116,-0.18781627274140253,0.26100789943883035,2.6228658040857438,-0.18103436342099716
0.9118101102682306,0.4830077635552884,-0.7158677896024739,-1.9352748634606602,0.04387970861035117
0.7173319918539767,0.25543677840957835,0.9773084830664902,-2.191046844620883,-0.8030474720211527
0.38044427644169687,0.14575773747769094,0.3314892400559877,-0.6247523254769207,-0.15375536986544397
0.461397178345878,0.44075300086369956,1.1170643117835117,-2.284785320170533,-1.1730961324459719
0.24522945516836497,-0.12422913459703282,1.0209014135944277,-0.8793952608073499,-0.8496297114622204
0.9251259551447526,-0.40758388392948214,-0.9131915533377243,-1.921236169004701,0.2768874740376453
0.12285331428513313,1.938579337587359,-0.855247385244295,-1.8601847753824097,0.3065798841449796
0.3521199821668362,-0.7143105861726957,0.35044172133170437,-1.6608401624058657,-0.2953636260687871
0.5707170326176652,0.5563840578376272,0.620991045715597,-1.468704617606498,-0.4291269327173824
-0.3769953193627333,-0.2449796905733669,0.9146795963803331,0.07326228876246321,-1.113277071248654
0.38600534156928684,-0.193068179892667,0.620170038787027,-0.9683374953816458,-0.4278644021945034
0.6802161902104867,-0.6086574885884457,0.6618835977179459,-3.2145865745994495,-0.2369379068260728
-0.5186636839211957,0.30514033986074485,-0.3874387274572873,1.2481180092551178,1.9725387857788073
0.45745601790726687,-0.24128835430530915,-0.9039963712531898,-0.8559249852268054,0.47022314013230293
-0.4098891511440229,-1.6367096839506956,-0.5391367465216615,-1.124720624085118,1.3513588340591276
-0.018944328959355716,-2.00546170970892,-0.428233681924618,-2.200951364361932,2.20005972207116
-0.8320576948430196,1.1096761979750185,0.3070709687009673,-0.4583545743956481,-0.2808994190284745
-0.40376208622839177,-0.9740974288228907,-0.49289271245588334,-1.0364051087560364,1.9106570756800694
-0.02706805663949295,0.7601067205397526,-0.6415762080794009,-0.6618858687489111,0.8858166331784776
-0.551142035351488,1.8438442445097176,-0.3589265345848586,-0.11996275577636306,1.5408476766365722
-0.29697316693517894,-0.3025116089054573,-0.5861478314802065,1.7071232813948276,2.118370295385461
-0.4251099756656867,0.3715396678224574,-0.9866086538231957,1.674928348021992,0.20124815419386619
-0.8844305323361472,1.2608832395325462,0.8662771751683284,0.5097177697477462,-0.44796482673393845
-0.6129773940207308,-1.4956514813329256,0.7529972899053876,-0.3977974283037047,-0.6021884387654648
-0.07829493764298096,-0.5285391651301732,-1.032625402715686,-0.4951930542801005,0.1483998724410264
-0.35778721820777964,1.0524034984254023,1.1931730297990537,-0.4011981895153095,-1.2674974620035948
1.1621838054408005,0.3696275703800981,-0.6114312544753288,-2.0950777904637325,0.6628475759220274
-0.10325621802580318,-1.16696625184998,-0.6270109663543183,0.3012138480379747,1.4143944387154086
-0.28820512610719795,-0.20927805162007188,-0.9528791316660827,0.20209512240530358,0.3684662754170587
-0.13154739647436964,0.6752439437435546,0.5534010346526366,1.9338880452649496,-0.41039190154035743
-0.46978785198764217,-0.48181917061255963,-0.8395790501538112,1.8573553781126195,0.2944325135806617
0.8205541760774248,0.6114941000444242,-1.0093216058090768,-1.8362125242843557,0.2915424015001805
-0.43622930896219775,1.3632929239559497,0.9375996845687145,1.4916031208524987,-1.7566892609582696
0.7328787671453786,-0.507974163732265,-0.4060923904427504,-1.928327600078547,-0.04378641528752524
-0.5676872249961658,0.748662533478718,-0.46237863918427213,-0.18786443996605784,1.4320114104994022
-0.7703948672311192,0.04378627188206498,-0.6334217564200119,1.4500010937843881,0.6814549306281855
-0.7553509539254246,0.9077028582913321,-0.9811982054274717,0.8723138012181859,0.1314153142681055
-0.4063643168091857,-1.421309548278628,-0.7609768376337805,-0.6616731743408253,0.5804649339760467
0.7242512292523083,-0.3722719348269505,-0.5339058750932837,-2.304703187004761,2.0029833945704936
-1.0681753990812999,0.859561126806957,0.9178093081846797,0.7522380375633881,-0.7552781582587561
-0.3329933336326586,-0.9238903870328168,0.36671029312966125,1.832760668224637,-0.31572061595284817
-0.04922550270545645,-0.11779720213105059,0.8258305939502406,-0.37543967439360293,-0.7138666356655585
0.6012244315036269,-0.36838853283545026,0.18461358427630062,-1.701925359170013,-0.15811776898554575
1.025906136668494,0.3732722770753404,-0.56577899323828,-1.8595902904665007,1.1622972116941916
-0.724739345843911,0.15190930674410966,-0.5488717292442171,0.17276183398028477,1.16722597637517
0.5410554826610378,-0.05186619796734411,-1.0805347221731845,-1.1393109561125658,0.3823991207578473
-0.2237426963406356,-0.2615842113132622,0.9098501018684696,1.4464424097260595,-1.5073545387024927
-0.7953018887027039,0.2619697262297987,-0.8568344565893466,0.11900377308590393,0.5822824830824338
-0.5487676111714688,1.375350285968807,-0.8130250546604056,-0.4155461352538685,0.10640985082413691
-0.5078449146446335,-2.313794014930268,-0.5383225187010122,-1.8021742559896938,1.1836407163075888
0.11182043730564967,-2.1216391015602403,-0.8742143665301361,0.19733261485384657,0.4738665872695261
-0.26706526666814706,-0.7583002122626987,-0.4711068874915377,-0.6917475392065414,1.5207751305866575
0.5365811186673286,-0.10100788578990619,-0.7255476454343021,-1.0217778116982614,0.7810862184512531
-0.24730594667541694,-1.7109497833230647,-0.07712009974930495,1.2331581543039376,-0.045819650146007626
0.611067376269667,0.6516898574291109,-0.9188345229967098,-1.3864870812990815,0.4319967059135784
0.5807870013228825,-0.19571812845379546,0.13249095685983853,-2.420380312155464,-0.11606262467844021
-0.7217440858123545,0.9830256703300189,0.3023633198795349,-0.4500982682213017,-0.2717476811613193
-0.18226038030536396,-0.7738323003663061,-1.0198712187480303,-0.14543347669303675,0.46092941236943874
0.8438161412184959,-0.042404788098720884,-0.5287478893769164,-1.4002004320838393,1.2242238870853746
-0.45586697896619055,-0.26827913410140075,0.953536460634584,-0.39180578299278357,-1.1975963563197205
0.016428088552453105,-1.6164152344875757,1.1070968326559265,0.6377055984997622,-1.6608857618209445
-0.3606892681624161,-0.37311299087837163,-0.5729045318917289,1.1412719783087537,2.5386448010354794
-0.4198145728472408,-0.2030882807914082,-0.8103912410100593,0.34595056901061283,1.139268686025301
-0.4656254312791763,-1.3726697312774525,-0.10947749704031354,1.2019112105520158,-0.09527815519412461
-0.5041618037790885,-0.14472192674350334,0.8286246328009009,0.9047778311081311,-1.1122633892151315
-0.4329210666413093,0.21506638284693022,0.9927277645053444,1.9635641701794473,-1.3077238589189526
-0.3616331258435532,0.04286201223954692,0.8995713020562661,1.7535234506616182,-1.3208514769367325
0.30446794087741824,-0.12275712309561634,1.0049764231942018,-1.3679221497339014,-0.5551834179840837
0.06725887371987768,-1.0347755791458557,-0.8862085227184948,-0.36651348405229744,0.27718970437592955
0.6988432146490188,0.8129142204987182,-0.696316921810557,-1.5289807182238442,0.7934784874659101
-0.40805152249002835,-0.4972214246879681,-0.9195086057816463,1.6315910934056714,0.09440762127738098
0.7825619551531676,-0.15468967842984083,-0.7758083649227772,-1.409313687419903,0.12493194555353386
-0.3866049504474056,1.3532317942429815,-0.48455237591992867,-0.7101475609922445,2.0037143436584604
0.8947411188527681,0.26360718776666114,-0.8983797986264894,-1.8922299241639462,0.49609986607909107
-0.8162780675323841,0.24302762270376368,0.7331540895257284,0.3136196334278314,-0.43742015156489744
0.90256827811797,0.7873228021567735,-0.48469033770944636,-2.2749573169157644,1.455922043263231
-0.47147315082139496,-1.1680405839876502,0.8172905620723505,-0.4850555555300452,-0.5530944228156635
-0.5327724176510257,0.3350833821293328,0.8847142658027418,0.05790869988613667,-1.50389564366319
0.10371253798734104,-1.0249310043721924,-1.0624682495993993,-0.7138389750899743,0.19404046151253096
-0.2777478777678205,0.6449455870025352,-1.1464569442097043,-0.1982231920774038,0.19234634077790716
0.5507061616247445,-0.6879244894259624,-0.08990935280871071,-2.0006190834032234,-0.11876899461799394
-0.22517051645273695,-1.2724929944186354,-0.6025035388115929,0.6975675003926061,1.599909956464193
-0.7598696012522222,0.7349957857858805,-0.7610591549244428,1.0716511833071807,1.0078229035035404
0.4268642555887506,-1.4264378010535488,0.7993655533382907,-3.0483756021197883,-0.4840116419973662
-0.6748681732344028,-0.3260026460295309,-0.8950639754922676,0.526313192131153,0.32734652096633454
-0.8224398565402726,0.3934893746490805,-1.0255730153107256,0.9551672024156213,0.23267741958637694
-0.3703628823900158,0.47840250820015434,0.9264748956845656,2.1136880002416834,-0.665086391247515
1.0684418309111976,0.38222440655426415,-0.6604319671290363,-1.9364527090249404,0.7929315677418881
0.6022401130086348,0.31459893821680096,0.8141888995882668,-1.4427839210101854,-2.074901968483395
0.3572762529972703,-0.2024810667475969,-0.7007760565473192,-0.8316895617937718,0.4132094792421605
-0.6974902281321922,1.050432207414923,0.9917303558654108,0.30972056903064815,-0.8866838593465383
-0.16539021226400172,-1.91561390684065,-0.7444539564211747,-0.44780275205822173,0.5662880914000006
-0.49256575996708907,-1.5213707977149622,-0.4377589641563156,-1.1203173084247537,2.2646661507776886
-1.016333632384896,1.840506830540381,0.8571846188205362,0.6763283469169805,-1.2536381665672318
-0.38382125502551423,1.890045723635613,-0.6075969338237202,0.6636764336014846,0.7012149115310027
-0.16353664838623838,-0.702543151893177,-0.663483784005556,3.01434816100147,0.6116484744595113
-0.514356950584705,0.13977934177247353,0.7431584008282073,0.039657938569864326,-2.7475604538989917
-0.5710943593536069,-0.1650442851004805,0.9523226090180688,0.597665107159659,-0.6996828219843279
-0.2634264671052182,-0.5302026994490935,0.9383517862758017,-0.1830725773447358,-1.6351334637427513
-0.5191716685774446,-0.39707613515516993,-0.6894837861310329,0.751487802178342,0.8364722009057965
-0.39085831199162135,0.4545841840025694,-1.0219337778947866,-0.30002583413695016,0.36673358172870923
-0.7467042580716489,-2.0374373787832885,0.5105721622523327,-0.25419831839924123,-0.24058033207947077
-0.6663627153574352,0.6956954601983766,0.9133913002533367,0.00830917661692987,-1.2160867971059626
-0.44963145155467826,0.6070913901916426,-0.5120084665941382,0.15016961103582593,0.04095698109118108
-0.0988092156626334,-0.5551108526012586,-0.8815765659888172,-0.011140039568163451,0.5312685711804135
-0.8559971909741488,1.4871308021220637,0.9167946195840937,0.9213080673488214,-1.9353804459305588
0.04835294723328171,-0.13738245322995338,1.1383239736369246,3.0988198908426217,-0.8350214529651405
-0.8019650979656314,-1.3371106937463184,0.5733901678554516,1.4581673432508575,-0.36083439653264593
-0.011727977449354027,-1.1505977177570765,-0.3324036529364796,-1.5267969759008955,0.8486059994909487
-0.06844940307540986,-2.4391188141021742,-1.074498512424186,-0.8379817539914335,0.22074404595175137
0.9082271099415241,0.572031191273823,0.20931560522463735,-2.497221110997736,-0.21229012916085427
0.24275464415672848,1.5321668935886792,0.8698356750253313,-1.6425548033551616,-0.49906087557021606
-0.09052745585400214,-0.8853375356833469,-0.5779780363346395,-0.9699171093682244,1.1804842621773264
0.10218012542449999,-0.7687381583162644,0.9117881327927442,-1.1025607842441416,-1.2437915921529548
0.6368757435595056,0.3072556440594867,0.7010385273152185,-1.2524682618566303,-0.3992474654369584
