asin,demand,constraint,submitted,confirmed,received,week
C33384370E,5.0,2.0,5.0,5.0,5.0,w1
F48C534AEF,1.0,0.0,2.0,2.0,2.0,w1
6DF2CA5FB8,4.0,2.0,2.0,2.0,2.0,w1
1D1C2500DB,2.0,1.0,2.0,2.0,2.0,w1
0A83B415E2,0.0,1.0,-0.0,-0.0,-0.0,w1
C5C9B0C8A1,0.0,1.0,2.0,2.0,2.0,w1
2A9E66FAE8,1.0,1.0,0.0,0.0,0.0,w1
98740E9E92,2.0,0.0,3.0,3.0,3.0,w1
B098A6D20B,0.0,3.0,-1.0,-1.0,-1.0,w1
405B5D6409,1.0,1.0,0.0,0.0,0.0,w1
AA737E2918,4.0,1.0,4.0,4.0,4.0,w1
8BD7F05223,3.0,2.0,2.0,3.0,3.0,w1
348ADF3E35,1.0,0.0,2.0,2.0,2.0,w1
CA699A46BC,2.0,1.0,1.0,1.0,1.0,w1
046BD497F2,1.0,0.0,2.0,2.0,2.0,w1
BFF1425147,1.0,0.0,2.0,2.0,2.0,w1
BE410D17B9,1.0,0.0,1.0,1.0,1.0,w1
765A71999B,2.0,2.0,1.0,1.0,1.0,w1
340F16A030,3.0,1.0,3.0,3.0,3.0,w1
274D098F88,1.0,2.0,-1.0,-1.0,-1.0,w1
9DBC407398,5.0,0.0,6.0,6.0,6.0,w1
AE0D6DB2FE,3.0,0.0,3.0,3.0,3.0,w1
A0A4762457,2.0,3.0,-2.0,-2.0,-2.0,w1
33895AFDE5,2.0,1.0,1.0,2.0,2.0,w1
54D9DE2175,4.0,0.0,5.0,5.0,5.0,w1
8FE46352FB,6.0,3.0,5.0,5.0,5.0,w1
7D8B6DF6C3,2.0,0.0,5.0,5.0,5.0,w1
E103D0B21D,1.0,0.0,1.0,1.0,1.0,w1
2D7E63775F,1.0,0.0,1.0,1.0,1.0,w1
F8046CDD45,1.0,1.0,2.0,2.0,2.0,w1
8B6572A6B9,2.0,0.0,4.0,4.0,4.0,w1
A3B21603B6,2.0,1.0,3.0,3.0,4.0,w1
40EF06AFB1,1.0,1.0,0.0,0.0,0.0,w1
E8A27C30B6,5.0,0.0,6.0,6.0,6.0,w1
29FBEDCA0F,1.0,0.0,2.0,2.0,2.0,w1
428479BF86,4.0,0.0,5.0,6.0,6.0,w1
7994A42F64,1.0,1.0,0.0,0.0,0.0,w1
61D216749F,4.0,4.0,0.0,1.0,1.0,w1
31BE6F383E,7.0,1.0,7.0,7.0,7.0,w1
76DCA6AD7E,2.0,2.0,0.0,0.0,0.0,w1
2E03C34AAA,2.0,2.0,2.0,2.0,2.0,w1
E1C013A017,2.0,0.0,3.0,3.0,3.0,w1
A2A2485F49,1.0,3.0,-1.0,-1.0,-1.0,w1
2F788CA993,2.0,2.0,-0.0,-0.0,-0.0,w1
11DEE3672C,1.0,0.0,1.0,1.0,1.0,w1
C5D251F653,3.0,0.0,4.0,4.0,5.0,w1
7B1A56F333,3.0,1.0,2.0,2.0,2.0,w1
45F659D74C,3.0,2.0,3.0,3.0,3.0,w1
814D5C977A,2.0,2.0,1.0,1.0,1.0,w1
0EB42C2EEF,1.0,2.0,-1.0,-1.0,-1.0,w1
669253DAFF,1.0,0.0,1.0,1.0,1.0,w1
A608628CE7,2.0,1.0,1.0,1.0,1.0,w1
28AC3DF17B,5.0,0.0,5.0,5.0,5.0,w1
BFD0A2F1A3,0.0,1.0,1.0,1.0,1.0,w1
FFEA6399EA,1.0,1.0,-1.0,-1.0,-1.0,w1
1586861386,1.0,0.0,3.0,3.0,3.0,w1
BA6472D791,1.0,1.0,1.0,1.0,1.0,w1
D67BEEE898,2.0,1.0,1.0,1.0,2.0,w1
7678994A5A,2.0,1.0,1.0,1.0,1.0,w1
8A1D1344CE,2.0,0.0,3.0,3.0,3.0,w1
188373672C,3.0,3.0,0.0,0.0,0.0,w1
279C578150,6.0,0.0,8.0,8.0,8.0,w1
A48AD2278E,1.0,0.0,1.0,1.0,2.0,w1
FCB0E76431,0.0,1.0,-0.0,-0.0,-0.0,w1
16B05DFAE1,2.0,1.0,4.0,4.0,4.0,w1
8B0284A376,2.0,1.0,1.0,1.0,1.0,w1
4DE207F5EA,5.0,2.0,3.0,3.0,3.0,w1
87133073DF,1.0,0.0,2.0,2.0,2.0,w1
E2EDC2C582,3.0,0.0,3.0,4.0,4.0,w1
7792A06CB9,4.0,0.0,4.0,4.0,4.0,w1
65E03FB675,1.0,1.0,-1.0,-1.0,-1.0,w1
8B03288F01,1.0,1.0,0.0,0.0,0.0,w1
0F33235CEF,2.0,2.0,0.0,0.0,0.0,w1
987A28756A,3.0,1.0,5.0,5.0,5.0,w1
EDEDC54E94,2.0,0.0,2.0,2.0,2.0,w1
F3CCC01853,1.0,1.0,1.0,1.0,1.0,w1
1EBA2A3B05,0.0,0.0,1.0,1.0,1.0,w1
7D986C53D9,3.0,1.0,2.0,2.0,2.0,w1
3AB0ABD442,2.0,1.0,1.0,2.0,2.0,w1
4989E2EA18,2.0,1.0,3.0,3.0,3.0,w1
9A88AB987E,1.0,0.0,4.0,4.0,4.0,w1
4CABC29A07,2.0,0.0,3.0,3.0,3.0,w1
CECE59BFEC,5.0,0.0,6.0,6.0,6.0,w1
96D45251E0,1.0,1.0,1.0,1.0,1.0,w1
5B9550DCB0,2.0,0.0,2.0,2.0,2.0,w1
C2099935AD,0.0,0.0,4.0,4.0,5.0,w1
08D709A73D,4.0,2.0,3.0,3.0,3.0,w1
3A0E007E7E,2.0,2.0,1.0,1.0,1.0,w1
CFEC99817F,1.0,3.0,-1.0,-1.0,-1.0,w1
966A9953DF,1.0,1.0,2.0,2.0,2.0,w1
1F2A1BBBB4,1.0,0.0,2.0,2.0,2.0,w1
3F249C3C85,1.0,0.0,1.0,1.0,1.0,w1
B585FC376B,3.0,1.0,3.0,3.0,3.0,w1
6BBD49FCAA,5.0,0.0,6.0,6.0,7.0,w1
AADE614398,3.0,0.0,3.0,3.0,3.0,w1
24D0838878,2.0,1.0,2.0,2.0,2.0,w1
71BBB863CA,0.0,0.0,1.0,2.0,2.0,w1
18AD84FB1A,0.0,2.0,-1.0,-1.0,-1.0,w1
A9E61C9B1A,4.0,3.0,1.0,1.0,1.0,w1
147AE664AB,1.0,1.0,4.0,4.0,4.0,w1
B05C365B67,0.0,1.0,-1.0,0.0,0.0,w1
5D58A51AE0,1.0,0.0,1.0,1.0,1.0,w1
81507EB861,4.0,1.0,3.0,3.0,3.0,w1
FC34D4C88E,3.0,1.0,3.0,3.0,3.0,w1
67E73241AC,1.0,2.0,2.0,2.0,2.0,w1
30D52E1ED6,1.0,0.0,1.0,1.0,1.0,w1
E6FA01CAC3,1.0,2.0,-1.0,-1.0,-1.0,w1
F63DB6D931,2.0,2.0,1.0,1.0,3.0,w1
648E381D3F,3.0,1.0,4.0,4.0,4.0,w1
160A23420F,2.0,2.0,2.0,2.0,2.0,w1
47EEE309EC,2.0,1.0,2.0,2.0,2.0,w1
EB3772BC63,3.0,0.0,3.0,3.0,3.0,w1
AF5E47B0CE,0.0,1.0,-0.0,-0.0,0.0,w1
C354E045F3,2.0,1.0,3.0,3.0,3.0,w1
F18618FDF0,3.0,2.0,2.0,2.0,2.0,w1
23198C3D21,3.0,1.0,5.0,5.0,5.0,w1
1C62D617C4,2.0,1.0,3.0,3.0,3.0,w1
51164C0F40,3.0,3.0,1.0,1.0,1.0,w1
7E1C7EC3CB,1.0,0.0,3.0,3.0,3.0,w1
0E1A6DA143,2.0,1.0,2.0,2.0,2.0,w1
3BBA1D2EAA,1.0,0.0,2.0,2.0,2.0,w1
9C62602DF8,2.0,1.0,2.0,2.0,2.0,w1
08A9A297BB,0.0,1.0,1.0,1.0,1.0,w1
6537CE4317,1.0,2.0,-1.0,-1.0,-1.0,w1
F6A3157A09,0.0,1.0,0.0,0.0,0.0,w1
B4C9CE3A82,6.0,2.0,4.0,4.0,4.0,w1
1AA942A33B,1.0,0.0,5.0,5.0,6.0,w1
F83BB14B76,2.0,0.0,2.0,2.0,2.0,w1
D20C317743,2.0,0.0,3.0,3.0,3.0,w1
D20B068B31,7.0,1.0,8.0,8.0,8.0,w1
DF45F85436,2.0,2.0,1.0,1.0,1.0,w1
89F4BFBFDF,1.0,0.0,3.0,3.0,3.0,w1
FCB6E311A3,1.0,0.0,1.0,2.0,2.0,w1
DF26FB3236,1.0,4.0,-1.0,-0.0,0.0,w1
DE9DA91AA7,0.0,2.0,-0.0,-0.0,-0.0,w1
9480FDE565,2.0,2.0,2.0,2.0,2.0,w1
6B552EF85D,3.0,0.0,6.0,6.0,6.0,w1
D0C28E859D,2.0,1.0,1.0,1.0,3.0,w1
DC1FCBAABD,4.0,1.0,3.0,3.0,3.0,w1
81730A9A91,2.0,1.0,1.0,1.0,1.0,w1
7085410DCD,4.0,2.0,4.0,4.0,4.0,w1
21B3661709,0.0,2.0,-0.0,-0.0,-0.0,w1
68234E7302,1.0,1.0,2.0,2.0,2.0,w1
EFA1E8CC70,1.0,1.0,-0.0,-0.0,-0.0,w1
9322D0B54D,0.0,1.0,2.0,2.0,2.0,w1
7CA924EE50,2.0,0.0,4.0,4.0,4.0,w1
98BD15B2AE,2.0,0.0,1.0,1.0,1.0,w1
7109B2A47E,1.0,2.0,0.0,1.0,1.0,w1
10A6E5D991,1.0,0.0,3.0,3.0,3.0,w1
560C1C3346,3.0,0.0,4.0,4.0,4.0,w1
C0293A6825,4.0,1.0,3.0,3.0,3.0,w1
E22283073F,3.0,1.0,4.0,4.0,6.0,w1
0DAE194106,3.0,1.0,2.0,2.0,2.0,w1
6D3D6B5701,1.0,0.0,1.0,1.0,1.0,w1
7B3D636FC6,1.0,0.0,1.0,1.0,1.0,w1
C43335ACCC,2.0,0.0,2.0,2.0,2.0,w1
D079848821,1.0,3.0,-1.0,-1.0,-1.0,w1
C0E6BEC2F1,2.0,0.0,4.0,4.0,4.0,w1
98E2DE4B2A,1.0,1.0,1.0,1.0,1.0,w1
7FC085ADBA,2.0,0.0,2.0,2.0,2.0,w1
34F816DF86,3.0,1.0,5.0,5.0,5.0,w1
580C46ACCE,1.0,1.0,1.0,1.0,1.0,w1
210EA53258,0.0,0.0,1.0,1.0,1.0,w1
BC404B7F42,2.0,0.0,3.0,3.0,3.0,w1
7C588C34CF,2.0,0.0,3.0,3.0,4.0,w1
35844EE26D,1.0,0.0,4.0,4.0,4.0,w1
7043E34013,2.0,1.0,1.0,1.0,1.0,w1
F1D3453EC6,3.0,2.0,3.0,3.0,3.0,w1
6C86BFB1C5,2.0,0.0,4.0,4.0,4.0,w1
5679F741D0,2.0,1.0,3.0,3.0,3.0,w1
1CDD297240,3.0,0.0,4.0,4.0,4.0,w1
4886D58FF2,1.0,2.0,-1.0,-1.0,-1.0,w1
64325B0279,1.0,0.0,4.0,4.0,4.0,w1
3538AE3067,1.0,2.0,-0.0,-0.0,0.0,w1
41A3ADF63E,1.0,1.0,1.0,1.0,1.0,w1
410163D710,4.0,0.0,4.0,4.0,4.0,w1
8BDF939997,1.0,1.0,0.0,0.0,0.0,w1
30553E3D46,0.0,1.0,0.0,0.0,0.0,w1
C875A3E6FE,1.0,1.0,0.0,1.0,1.0,w1
4AC4667352,1.0,0.0,1.0,1.0,1.0,w1
3CC4365732,0.0,1.0,-1.0,-1.0,-1.0,w1
190BB4B4B1,1.0,1.0,-0.0,-0.0,0.0,w1
479ED05CDF,2.0,1.0,2.0,2.0,2.0,w1
E0A46E07C3,4.0,0.0,5.0,5.0,5.0,w1
912BBA0F43,1.0,2.0,-1.0,-1.0,-1.0,w1
F70D563C6E,1.0,1.0,0.0,0.0,0.0,w1
D424BE67F0,2.0,2.0,1.0,1.0,1.0,w1
53B90A6B6D,4.0,2.0,4.0,4.0,4.0,w1
9A0E2665A9,1.0,3.0,-1.0,-1.0,-1.0,w1
315F9B380F,4.0,0.0,5.0,5.0,8.0,w1
A9B4E12808,2.0,2.0,1.0,1.0,1.0,w1
3D0837D982,3.0,0.0,3.0,3.0,3.0,w1
17F2295679,4.0,3.0,3.0,3.0,3.0,w1
277E34108C,1.0,2.0,-1.0,-1.0,-1.0,w1
B6FBCF0167,2.0,0.0,3.0,3.0,3.0,w1
F66037EB1C,1.0,1.0,0.0,0.0,0.0,w1
FB08D1CD92,1.0,0.0,1.0,1.0,1.0,w1
B102EAAD60,2.0,2.0,1.0,1.0,1.0,w1
1FF3A6D3EB,2.0,0.0,3.0,3.0,3.0,w1
CFAF9C1845,1.0,1.0,0.0,0.0,0.0,w1
E4512962A4,3.0,1.0,2.0,2.0,2.0,w1
93CB7EDE3C,2.0,3.0,0.0,1.0,1.0,w1
B8E74A9DF9,1.0,0.0,2.0,2.0,2.0,w1
88D2A5587F,0.0,0.0,3.0,3.0,3.0,w1
9974DF4155,6.0,1.0,5.0,5.0,5.0,w1
3197598077,1.0,0.0,8.0,8.0,8.0,w1
38F2707C06,4.0,0.0,4.0,4.0,4.0,w1
B84B3EC360,1.0,0.0,2.0,2.0,2.0,w1
A971A406E5,2.0,0.0,3.0,3.0,3.0,w1
FF783C2AEE,1.0,0.0,1.0,1.0,1.0,w1
F5D88384E2,3.0,1.0,3.0,3.0,3.0,w1
177B9581ED,1.0,1.0,0.0,0.0,0.0,w1
F2F3D01157,0.0,0.0,3.0,3.0,3.0,w1
868C886BA5,1.0,0.0,1.0,2.0,2.0,w1
1D924859EA,0.0,0.0,1.0,1.0,1.0,w1
2F063009FF,1.0,0.0,2.0,2.0,2.0,w1
5BAB46757F,3.0,0.0,3.0,3.0,3.0,w1
BC6BF40069,0.0,0.0,0.0,1.0,1.0,w1
04B6136FCD,3.0,2.0,4.0,4.0,4.0,w1
1D23780143,1.0,2.0,-0.0,-0.0,-0.0,w1
C4932D4C93,3.0,3.0,-1.0,0.0,0.0,w1
FC1E4AD01D,2.0,0.0,2.0,2.0,2.0,w1
DA985763FE,1.0,0.0,3.0,3.0,3.0,w1
23A07FF08C,1.0,0.0,3.0,4.0,4.0,w1
285CBD51D1,3.0,1.0,3.0,4.0,4.0,w1
36244C9225,3.0,0.0,4.0,4.0,4.0,w1
6C0FCF38D8,1.0,0.0,1.0,3.0,3.0,w1
7C14C9CC4A,2.0,1.0,1.0,1.0,1.0,w1
E575C267AF,0.0,0.0,0.0,0.0,0.0,w1
A5F5B56F71,1.0,0.0,1.0,1.0,1.0,w1
3618369870,3.0,2.0,1.0,1.0,1.0,w1
48836A0529,3.0,0.0,3.0,3.0,3.0,w1
8454BD8244,3.0,1.0,5.0,5.0,5.0,w1
15FA7AFAA3,0.0,0.0,1.0,1.0,1.0,w1
8857A4CF32,1.0,1.0,0.0,0.0,0.0,w1
829EDBF969,3.0,1.0,2.0,2.0,2.0,w1
71B9266FDE,1.0,2.0,-0.0,-0.0,0.0,w1
07A12CE415,3.0,3.0,1.0,1.0,1.0,w1
7170AF0B94,3.0,1.0,2.0,3.0,3.0,w1
2DFEBC5FE0,5.0,0.0,5.0,5.0,5.0,w1
F3CB847F46,2.0,1.0,2.0,2.0,2.0,w1
9ED581BFF1,1.0,1.0,1.0,1.0,1.0,w1
DF6B7F9273,1.0,0.0,1.0,1.0,1.0,w1
295A9FE03B,1.0,0.0,0.0,1.0,1.0,w1
8AB16273BD,1.0,0.0,1.0,1.0,1.0,w1
45A0CBF484,0.0,2.0,1.0,1.0,1.0,w1
48C0B55003,1.0,0.0,1.0,1.0,1.0,w1
262B06809C,3.0,1.0,3.0,3.0,6.0,w1
EB4B75EA90,3.0,1.0,2.0,2.0,2.0,w1
DBB3A30B9E,1.0,2.0,-0.0,-0.0,-0.0,w1
CC6AACED3F,4.0,0.0,4.0,4.0,4.0,w1
846BE27287,2.0,1.0,2.0,2.0,2.0,w1
2712B33306,0.0,1.0,1.0,2.0,2.0,w1
F365DDC79E,1.0,3.0,-2.0,-2.0,-2.0,w1
B22888EED1,0.0,2.0,-1.0,-1.0,-1.0,w1
4582036A89,1.0,0.0,1.0,1.0,1.0,w1
EC3A4F20FA,7.0,2.0,5.0,6.0,6.0,w1
33B17060BE,2.0,0.0,3.0,3.0,3.0,w1
46703E5943,1.0,0.0,1.0,1.0,2.0,w1
93F55EEF23,4.0,2.0,6.0,6.0,6.0,w1
E8ED407949,4.0,1.0,3.0,3.0,3.0,w1
06CBB3802A,3.0,0.0,4.0,4.0,4.0,w1
E1AB363064,1.0,0.0,2.0,2.0,2.0,w1
7627B60AC2,2.0,1.0,2.0,2.0,2.0,w1
E2623C0F46,1.0,6.0,-4.0,-4.0,-4.0,w1
B0A35F063B,1.0,1.0,-0.0,0.0,0.0,w1
1F18119C26,1.0,1.0,2.0,2.0,2.0,w1
0194166EE0,0.0,1.0,1.0,1.0,1.0,w1
64B02C335C,4.0,0.0,4.0,4.0,4.0,w1
CE4BA72B04,1.0,1.0,-0.0,-0.0,-0.0,w1
7C4BB912EC,2.0,2.0,1.0,1.0,1.0,w1
BCD0F1186F,4.0,0.0,5.0,5.0,5.0,w1
26CF476852,3.0,0.0,3.0,3.0,3.0,w1
A135E06217,1.0,1.0,3.0,3.0,3.0,w1
24380ECC34,1.0,2.0,1.0,1.0,1.0,w1
9F6127D0C9,1.0,2.0,-1.0,-1.0,2.0,w1
6E7B98BCAB,4.0,2.0,3.0,3.0,3.0,w1
1E568BC3FC,1.0,2.0,-1.0,-1.0,-1.0,w1
B4F6DB5B2E,1.0,1.0,1.0,1.0,1.0,w1
B5DB03823B,3.0,3.0,0.0,0.0,0.0,w1
AAC6BBB9FA,2.0,0.0,2.0,2.0,2.0,w1
7A4C5A3875,1.0,0.0,2.0,2.0,3.0,w1
706A8F575C,2.0,3.0,-1.0,-0.0,-0.0,w1
31071902E1,2.0,4.0,-0.0,-0.0,-0.0,w1
AF5E905739,2.0,1.0,2.0,2.0,2.0,w1
BF1AA3BFAD,2.0,2.0,0.0,0.0,0.0,w1
10C2353C73,1.0,1.0,1.0,1.0,1.0,w1
1AF8078210,1.0,0.0,5.0,5.0,5.0,w1
CBF2460530,2.0,0.0,2.0,2.0,2.0,w1
E9E69444D7,3.0,1.0,2.0,2.0,2.0,w1
0E2AEA27A8,0.0,0.0,1.0,1.0,1.0,w1
FA78FFE275,4.0,0.0,5.0,5.0,5.0,w1
D5098B5FA6,0.0,1.0,-0.0,1.0,1.0,w1
928478259C,1.0,2.0,-1.0,-1.0,-1.0,w1
EBA62FE616,4.0,1.0,4.0,5.0,5.0,w1
669E3471F3,2.0,1.0,2.0,2.0,2.0,w1
3D778C57E2,1.0,0.0,2.0,2.0,2.0,w1
D460B4272E,1.0,3.0,-1.0,-1.0,-0.0,w1
7620BCD4D0,1.0,0.0,1.0,1.0,2.0,w1
68BAE7F71E,0.0,0.0,2.0,2.0,2.0,w1
0B3C57E1FA,3.0,1.0,3.0,3.0,3.0,w1
23CA4CE8D7,1.0,0.0,1.0,1.0,1.0,w1
3FB35B4F81,3.0,0.0,6.0,6.0,6.0,w1
B76A20AA35,4.0,1.0,4.0,4.0,4.0,w1
C01E3BCAEC,1.0,1.0,2.0,2.0,3.0,w1
18A2FE1853,2.0,1.0,3.0,3.0,3.0,w1
E3F4C173EF,1.0,0.0,1.0,1.0,1.0,w1
1889EB1AFC,2.0,0.0,3.0,3.0,3.0,w1
09F5FEDE25,1.0,0.0,1.0,1.0,1.0,w1
DCF0FA77EE,4.0,1.0,4.0,4.0,4.0,w1
C0F76A5BE9,0.0,1.0,-1.0,-1.0,-1.0,w1
712354E4C5,1.0,2.0,1.0,1.0,1.0,w1
FE5355D756,3.0,0.0,3.0,3.0,3.0,w1
62D518EA5D,1.0,1.0,2.0,2.0,2.0,w1
13AC12856E,4.0,0.0,4.0,4.0,4.0,w1
FC27C9505F,1.0,1.0,1.0,1.0,1.0,w1
8CC6F2AE3C,2.0,0.0,2.0,2.0,3.0,w1
4FEC354A95,2.0,0.0,4.0,4.0,4.0,w1
A3F0D8F874,1.0,1.0,0.0,0.0,0.0,w1
822B89354A,0.0,2.0,-0.0,-0.0,-0.0,w1
6F8E6BB519,2.0,1.0,1.0,1.0,1.0,w1
954DD2C228,3.0,1.0,2.0,2.0,2.0,w1
E2B9A480FE,4.0,0.0,4.0,4.0,4.0,w1
E0676F669D,3.0,0.0,3.0,3.0,3.0,w1
2E7D10FE6A,1.0,3.0,-0.0,-0.0,-0.0,w1
52D43943AD,1.0,0.0,1.0,1.0,1.0,w1
47832CE558,3.0,1.0,2.0,2.0,2.0,w1
23EE8C1F62,0.0,1.0,1.0,1.0,1.0,w1
73C5A56D1B,2.0,1.0,3.0,3.0,5.0,w1
12D265644E,1.0,2.0,1.0,1.0,1.0,w1
88D675512A,1.0,1.0,-0.0,-0.0,0.0,w1
DD4BD70999,8.0,1.0,7.0,7.0,7.0,w1
530385866A,0.0,1.0,1.0,1.0,1.0,w1
C31377C1FB,2.0,0.0,2.0,2.0,3.0,w1
8F6809A29E,2.0,0.0,4.0,4.0,4.0,w1
FFDFE8297D,2.0,0.0,2.0,2.0,2.0,w1
98B1D58F07,1.0,3.0,-1.0,-1.0,-1.0,w1
5186A5BDC4,2.0,1.0,3.0,3.0,3.0,w1
4443B65A77,3.0,1.0,2.0,2.0,2.0,w1
C8DB657D92,2.0,4.0,-1.0,-1.0,-1.0,w1
42D33F2D72,2.0,0.0,3.0,3.0,4.0,w1
47002EB7D3,0.0,4.0,-3.0,-3.0,-3.0,w1
023EA41DA7,1.0,1.0,0.0,0.0,0.0,w1
58BD955DED,3.0,0.0,3.0,3.0,4.0,w1
0F5AEA70DD,2.0,1.0,2.0,2.0,2.0,w1
CEA1A94375,0.0,1.0,3.0,3.0,3.0,w1
51808FFA17,2.0,0.0,2.0,3.0,3.0,w1
1AC50EB046,2.0,1.0,2.0,2.0,2.0,w1
850E220843,4.0,1.0,5.0,5.0,5.0,w1
F78F4CF64F,3.0,2.0,2.0,2.0,2.0,w1
9329B4D8E4,3.0,2.0,1.0,1.0,1.0,w1
FF5A04F667,2.0,0.0,2.0,2.0,2.0,w1
7FEE87E6B7,1.0,3.0,-1.0,-0.0,-0.0,w1
1B97340F0F,2.0,0.0,2.0,2.0,2.0,w1
97357D07E8,2.0,1.0,1.0,3.0,3.0,w1
8A5217536E,0.0,2.0,-1.0,-1.0,-1.0,w1
D2902D7CB2,2.0,0.0,2.0,2.0,2.0,w1
5F2F1E625F,2.0,0.0,2.0,2.0,2.0,w1
73E04429F8,6.0,1.0,5.0,6.0,6.0,w1
D435356E4C,4.0,3.0,3.0,3.0,3.0,w1
8B3CDCDBFC,1.0,0.0,2.0,2.0,2.0,w1
DA5B0E6F0D,5.0,2.0,4.0,4.0,4.0,w1
A22949FA75,2.0,1.0,2.0,2.0,2.0,w1
4A376C91D8,1.0,1.0,1.0,1.0,1.0,w1
98BEDFE32A,0.0,1.0,0.0,0.0,0.0,w1
CC98D91422,1.0,4.0,-3.0,-3.0,-3.0,w1
276CC64792,3.0,1.0,3.0,3.0,3.0,w1
7E8FFDAD1A,2.0,0.0,2.0,2.0,2.0,w1
D9F9B1F2FE,2.0,2.0,1.0,1.0,1.0,w1
B49F1DB16E,2.0,0.0,2.0,2.0,2.0,w1
2E31FCA5F9,1.0,1.0,1.0,1.0,1.0,w1
C60091B236,1.0,1.0,0.0,0.0,0.0,w1
EC39A19CBE,2.0,0.0,2.0,2.0,2.0,w1
62CFC9C93C,4.0,4.0,2.0,2.0,2.0,w1
2D0F76EC10,3.0,1.0,2.0,2.0,3.0,w1
C4DD47B20D,3.0,0.0,3.0,3.0,3.0,w1
C658A46383,3.0,1.0,5.0,5.0,7.0,w1
DA41C3DD8D,4.0,0.0,5.0,5.0,5.0,w1
ED2D8B3DA5,1.0,0.0,3.0,3.0,3.0,w1
0EFCAFFFEC,1.0,1.0,1.0,1.0,1.0,w1
D52083C4E0,3.0,0.0,5.0,5.0,5.0,w1
ED8865A210,1.0,0.0,2.0,2.0,2.0,w1
324A8B2FD8,2.0,4.0,-2.0,-2.0,-2.0,w1
07953653BE,2.0,0.0,2.0,2.0,2.0,w1
351408CAF3,1.0,0.0,3.0,3.0,3.0,w1
9D2F0A9AF0,0.0,1.0,-0.0,-0.0,-0.0,w1
916F3ECCB3,0.0,1.0,1.0,1.0,1.0,w1
EE00447C4C,1.0,0.0,1.0,1.0,2.0,w1
708BE5D794,2.0,0.0,2.0,2.0,2.0,w1
19462659A7,2.0,0.0,2.0,2.0,2.0,w1
DEA3D25D6D,1.0,1.0,2.0,2.0,2.0,w1
A7095027D4,4.0,2.0,2.0,2.0,2.0,w1
F8402705F6,2.0,1.0,1.0,1.0,1.0,w1
8A2AF61D85,2.0,0.0,2.0,2.0,2.0,w1
7964E1BB89,1.0,3.0,-1.0,1.0,1.0,w1
6357AC9374,2.0,2.0,1.0,1.0,1.0,w1
12CBA2A51D,9.0,2.0,7.0,7.0,7.0,w1
D2BB13678E,5.0,2.0,3.0,3.0,4.0,w1
14E332525F,2.0,3.0,1.0,1.0,1.0,w1
7E002D32AC,1.0,1.0,1.0,1.0,1.0,w1
A9F528E4C3,1.0,2.0,-0.0,-0.0,-0.0,w1
80730A6269,1.0,1.0,0.0,0.0,0.0,w1
F4321C5386,1.0,0.0,2.0,2.0,2.0,w1
2DD72F73D3,1.0,1.0,1.0,1.0,2.0,w1
0A802ED89A,4.0,2.0,8.0,8.0,8.0,w1
72E2BCA157,1.0,0.0,3.0,3.0,3.0,w1
21D7D8FD4E,1.0,4.0,-3.0,-3.0,-2.0,w1
E1078FCE9A,1.0,0.0,2.0,2.0,2.0,w1
6D9DEAD034,1.0,1.0,3.0,3.0,3.0,w1
6E3B30D95C,3.0,0.0,3.0,3.0,3.0,w1
F1B27BD20F,0.0,1.0,2.0,2.0,2.0,w1
71AFD490A2,2.0,0.0,2.0,2.0,2.0,w1
0AAFB62E1F,3.0,0.0,3.0,3.0,3.0,w1
16382E355B,0.0,0.0,1.0,1.0,1.0,w1
5980269DE0,1.0,1.0,3.0,3.0,3.0,w1
A0057EDC61,2.0,2.0,1.0,1.0,1.0,w1
319F35BC4C,3.0,0.0,4.0,4.0,4.0,w1
C9E8512606,5.0,1.0,4.0,6.0,6.0,w1
8D1FE25FE7,1.0,4.0,-2.0,-2.0,-2.0,w1
6E30288750,2.0,1.0,2.0,2.0,2.0,w1
44F557FDC6,5.0,1.0,4.0,4.0,4.0,w1
F0628A6725,1.0,1.0,5.0,5.0,5.0,w1
66FA7497E3,1.0,0.0,4.0,4.0,4.0,w1
C2BCB1BE60,3.0,2.0,2.0,2.0,4.0,w1
E59AD5F9C7,2.0,0.0,2.0,2.0,3.0,w1
916E374E28,4.0,2.0,2.0,2.0,2.0,w1
C9F1136E92,4.0,1.0,7.0,7.0,7.0,w1
7466C5839E,2.0,1.0,0.0,1.0,1.0,w1
A0C6279F3F,1.0,3.0,-2.0,-2.0,-1.0,w1
2F5235B73D,2.0,0.0,2.0,2.0,2.0,w1
9D328BF53B,1.0,1.0,1.0,1.0,1.0,w1
BE8BA5D6F0,2.0,0.0,3.0,3.0,3.0,w1
2F9DB71E33,3.0,1.0,2.0,2.0,3.0,w1
51F7A20D78,2.0,0.0,6.0,6.0,6.0,w1
81E0234476,1.0,1.0,1.0,1.0,1.0,w1
D317EC0347,2.0,1.0,2.0,2.0,2.0,w1
6C9B32FE78,1.0,1.0,0.0,2.0,2.0,w1
35F8FAF1AF,2.0,1.0,1.0,1.0,1.0,w1
63AB6107BD,3.0,0.0,7.0,7.0,7.0,w1
77AD041E18,1.0,0.0,1.0,1.0,4.0,w1
8A68DA554D,2.0,5.0,-3.0,-3.0,-2.0,w1
E22CF26054,4.0,0.0,4.0,4.0,4.0,w1
A6D6108F58,1.0,1.0,-0.0,-0.0,-0.0,w1
696090A634,2.0,2.0,1.0,1.0,1.0,w1
D12897D444,0.0,1.0,-1.0,-1.0,-1.0,w1
18EDC07E8E,2.0,1.0,3.0,3.0,3.0,w1
EEE7ED5435,4.0,2.0,2.0,2.0,2.0,w1
8265A72517,4.0,0.0,3.0,3.0,3.0,w1
5304273733,1.0,0.0,1.0,1.0,1.0,w1
2474C87B49,0.0,2.0,0.0,0.0,0.0,w1
6B9D7F34C6,1.0,1.0,1.0,1.0,1.0,w1
8287200053,2.0,1.0,3.0,3.0,3.0,w1
9384841010,1.0,1.0,2.0,2.0,2.0,w1
E17E62CDC8,4.0,0.0,4.0,4.0,4.0,w1
3DB183EE9C,3.0,4.0,0.0,0.0,0.0,w1
F0880AB2E2,2.0,1.0,2.0,2.0,2.0,w1
B2C11F419E,2.0,1.0,3.0,3.0,3.0,w1
B5329A5857,1.0,0.0,2.0,2.0,2.0,w1
5356C29591,2.0,0.0,2.0,2.0,3.0,w1
1DAA1A1918,3.0,1.0,3.0,3.0,3.0,w1
E18960502F,0.0,3.0,2.0,2.0,2.0,w1
3C0F45CE39,1.0,0.0,1.0,1.0,1.0,w1
779D8849A0,2.0,0.0,1.0,1.0,1.0,w1
7E6179A54D,1.0,2.0,0.0,0.0,1.0,w1
C43E4CA9D8,2.0,0.0,2.0,2.0,2.0,w1
C4A3BB5E7D,2.0,1.0,1.0,1.0,1.0,w1
0BB76E54EF,2.0,2.0,0.0,0.0,0.0,w1
29307484CE,3.0,1.0,2.0,2.0,2.0,w1
A2EEF09C8C,5.0,1.0,6.0,6.0,6.0,w1
FF7E9EE1A4,3.0,0.0,4.0,4.0,4.0,w1
366962BAAA,3.0,0.0,3.0,3.0,3.0,w1
04023177B4,0.0,1.0,0.0,0.0,0.0,w1
1D975C3B43,2.0,0.0,5.0,5.0,5.0,w1
25763078A1,3.0,0.0,2.0,2.0,2.0,w1
DB00BA59B7,1.0,1.0,4.0,4.0,4.0,w1
C6EB1B3512,2.0,0.0,2.0,2.0,2.0,w1
C0BCB56937,2.0,0.0,2.0,2.0,3.0,w1
AAF7F0CD7E,0.0,0.0,2.0,2.0,2.0,w1
3614696ABE,1.0,1.0,1.0,1.0,1.0,w1
A211FC107A,0.0,0.0,1.0,1.0,1.0,w1
F4C497E5E0,1.0,0.0,2.0,2.0,2.0,w1
57DD683228,3.0,2.0,2.0,2.0,2.0,w1
2716E3B1D2,8.0,0.0,9.0,11.0,11.0,w1
4B9D76AC1F,3.0,0.0,3.0,3.0,3.0,w1
5E756CCA1C,1.0,1.0,1.0,1.0,1.0,w1
4D66402053,0.0,1.0,3.0,3.0,4.0,w1
D27A20BD4C,3.0,0.0,4.0,4.0,4.0,w1
7499A421BA,1.0,1.0,1.0,1.0,1.0,w1
724F2CBDF7,2.0,0.0,2.0,2.0,2.0,w1
FB479ECA65,1.0,2.0,-1.0,-0.0,-0.0,w1
4E5E27FE61,1.0,1.0,4.0,4.0,4.0,w1
12299DA348,1.0,0.0,3.0,3.0,3.0,w1
5474738365,1.0,1.0,0.0,0.0,0.0,w1
F89F586FFA,2.0,1.0,2.0,2.0,2.0,w1
83624658C4,4.0,1.0,5.0,5.0,5.0,w1
19893943F8,1.0,6.0,-5.0,-5.0,-5.0,w1
2E3BA40356,1.0,0.0,2.0,2.0,2.0,w1
5A547C9A5D,2.0,0.0,3.0,3.0,3.0,w1
94CE73B0D7,3.0,1.0,2.0,2.0,2.0,w1
0A58998619,1.0,1.0,1.0,1.0,4.0,w1
3C530F5B15,1.0,2.0,0.0,0.0,0.0,w1
BF68101061,1.0,1.0,0.0,1.0,1.0,w1
3C07219008,1.0,0.0,2.0,2.0,2.0,w1
E55174D30E,4.0,1.0,5.0,5.0,5.0,w1
E7FDD8B561,3.0,2.0,1.0,1.0,1.0,w1
0EDE0A57E9,2.0,2.0,6.0,6.0,6.0,w1
D9C8D087BA,2.0,0.0,2.0,2.0,2.0,w1
25C6256E79,1.0,1.0,0.0,0.0,0.0,w1
2F45A2401A,0.0,0.0,1.0,1.0,1.0,w1
8C8248C803,1.0,3.0,2.0,2.0,2.0,w1
CD97EEF0D0,2.0,1.0,3.0,3.0,3.0,w1
348AF8E3E2,1.0,0.0,3.0,3.0,3.0,w1
303CFD60D2,1.0,3.0,-1.0,-1.0,-1.0,w1
9E65F66982,2.0,1.0,1.0,1.0,1.0,w1
A80763C72F,3.0,1.0,3.0,3.0,3.0,w1
9B83825EEB,2.0,1.0,1.0,1.0,1.0,w1
2BFD108E97,1.0,2.0,-0.0,1.0,1.0,w1
1410E8BD28,3.0,3.0,1.0,2.0,4.0,w1
73B75AF4E0,1.0,2.0,1.0,1.0,1.0,w1
F81C376FDD,3.0,1.0,3.0,3.0,3.0,w1
2AF4572765,1.0,0.0,4.0,6.0,6.0,w1
076FA5EDD0,1.0,1.0,-0.0,-0.0,3.0,w1
8EBDF0C097,3.0,1.0,2.0,2.0,2.0,w1
8C5F31584B,2.0,0.0,2.0,2.0,2.0,w1
11C0430225,2.0,0.0,2.0,2.0,2.0,w1
6629F8A792,3.0,0.0,4.0,4.0,4.0,w1
35BB1E7178,6.0,3.0,4.0,4.0,4.0,w1
96985D1C7A,2.0,1.0,2.0,2.0,2.0,w1
F432E7C56F,2.0,1.0,2.0,2.0,2.0,w1
3A308DD06E,0.0,1.0,0.0,1.0,1.0,w1
6D5800D899,3.0,1.0,4.0,6.0,6.0,w1
138B4ADD0A,3.0,3.0,1.0,2.0,2.0,w1
495AEF0158,1.0,2.0,-0.0,0.0,0.0,w1
ABB97316B4,3.0,3.0,1.0,1.0,1.0,w1
6261E84197,1.0,0.0,5.0,5.0,5.0,w1
B485656371,3.0,1.0,3.0,3.0,3.0,w1
3DB52DD3BA,0.0,3.0,-2.0,-2.0,-2.0,w1
BFD39205A1,5.0,3.0,4.0,4.0,4.0,w1
CD52EB1A21,2.0,0.0,3.0,3.0,3.0,w1
8315950A6B,1.0,1.0,-0.0,-0.0,0.0,w1
541EB98969,4.0,2.0,3.0,3.0,3.0,w1
B4EAC00149,4.0,0.0,6.0,6.0,6.0,w1
8F84AC01A0,2.0,1.0,2.0,2.0,2.0,w1
0F410C48FF,2.0,0.0,3.0,3.0,3.0,w1
05FD093857,1.0,1.0,1.0,1.0,1.0,w1
CB315228E1,1.0,1.0,2.0,2.0,2.0,w1
30515C74C5,1.0,1.0,1.0,2.0,2.0,w1
05C2BB50B4,1.0,0.0,3.0,3.0,3.0,w1
F0997FCBFA,1.0,0.0,3.0,3.0,3.0,w1
666FBF1880,1.0,0.0,2.0,2.0,2.0,w1
C2B629DF6D,4.0,1.0,6.0,6.0,6.0,w1
CB643ABCC6,1.0,1.0,1.0,1.0,2.0,w1
E9478C3029,1.0,0.0,0.0,1.0,2.0,w1
A236603950,2.0,0.0,3.0,3.0,3.0,w1
19859964C0,2.0,1.0,1.0,1.0,2.0,w1
1FD7D287A4,1.0,1.0,2.0,2.0,2.0,w1
AAE839A043,3.0,1.0,5.0,5.0,5.0,w1
D95093D73C,2.0,0.0,6.0,6.0,8.0,w1
CADCA90D54,3.0,7.0,-4.0,-4.0,-4.0,w1
1B694E1E0A,3.0,1.0,4.0,4.0,4.0,w1
7A0D3CE00F,3.0,1.0,2.0,2.0,3.0,w1
BDF12AF908,2.0,2.0,1.0,1.0,2.0,w1
F98998175A,1.0,4.0,-1.0,-1.0,-1.0,w1
84FE11F2F1,2.0,1.0,1.0,1.0,1.0,w1
A97A6E9617,1.0,0.0,0.0,0.0,0.0,w1
DD9E299754,1.0,0.0,5.0,5.0,5.0,w1
C8A1C10E9F,2.0,0.0,3.0,3.0,3.0,w1
279B924E00,1.0,0.0,1.0,1.0,1.0,w1
CB0B56738D,1.0,2.0,0.0,0.0,0.0,w1
6E38738771,1.0,1.0,1.0,2.0,2.0,w1
E8557DCB97,1.0,1.0,2.0,4.0,4.0,w1
847ECA82A2,1.0,1.0,0.0,1.0,1.0,w1
7E41F70ACF,2.0,0.0,4.0,4.0,4.0,w1
C89FBD93B4,0.0,0.0,0.0,0.0,0.0,w1
1D053ADCB0,5.0,1.0,4.0,4.0,4.0,w1
AB501E9AB5,4.0,0.0,6.0,6.0,6.0,w1
DB6106A225,3.0,3.0,1.0,1.0,1.0,w1
EF3BCF0E93,2.0,0.0,7.0,7.0,7.0,w1
EF529E34FE,2.0,0.0,3.0,3.0,3.0,w1
EEC5665D02,2.0,4.0,-2.0,-2.0,-2.0,w1
CA9081F2BB,0.0,2.0,0.0,0.0,0.0,w1
5EF967FFD8,2.0,1.0,3.0,3.0,3.0,w1
E490F03FAA,1.0,1.0,-0.0,-0.0,-0.0,w1
491155A053,5.0,1.0,6.0,6.0,7.0,w1
6C2F7682D9,3.0,1.0,3.0,3.0,3.0,w1
5BE9CCB85C,1.0,2.0,-1.0,-1.0,-1.0,w1
7391E177D5,1.0,3.0,-0.0,-0.0,0.0,w1
4FEDD95017,1.0,0.0,1.0,1.0,2.0,w1
CE2A5076BD,2.0,3.0,0.0,0.0,0.0,w1
16002ACF24,2.0,0.0,2.0,3.0,3.0,w1
518566303D,1.0,0.0,1.0,1.0,1.0,w1
DFB7AD8137,4.0,1.0,5.0,5.0,5.0,w1
9550B747A2,1.0,1.0,1.0,1.0,1.0,w1
C7ECCF05F4,3.0,2.0,3.0,3.0,3.0,w1
6BA088CA20,1.0,1.0,1.0,1.0,1.0,w1
A258AA0380,1.0,3.0,-1.0,-1.0,-1.0,w1
979E07CAF3,2.0,1.0,1.0,1.0,1.0,w1
4ADD794764,2.0,2.0,1.0,1.0,1.0,w1
212885381E,3.0,1.0,3.0,3.0,4.0,w1
AD537A8865,2.0,1.0,1.0,1.0,1.0,w1
8EB005F193,1.0,0.0,1.0,2.0,2.0,w1
F007365522,0.0,1.0,1.0,2.0,2.0,w1
6B349DE314,1.0,0.0,2.0,2.0,2.0,w1
89C6355030,2.0,0.0,2.0,2.0,2.0,w1
295AECF7EE,0.0,0.0,2.0,2.0,2.0,w1
69A1CE94E2,1.0,1.0,0.0,0.0,1.0,w1
D690CE29D7,3.0,1.0,5.0,5.0,5.0,w1
8BC80ADB05,2.0,2.0,1.0,1.0,1.0,w1
25A3103EF2,1.0,0.0,2.0,2.0,2.0,w1
F2D5223D1D,1.0,1.0,1.0,1.0,1.0,w1
18526388A9,1.0,1.0,3.0,3.0,3.0,w1
8CF779D539,1.0,0.0,1.0,1.0,1.0,w1
2DA26E5268,0.0,1.0,2.0,2.0,2.0,w1
CA49B31C69,4.0,2.0,5.0,5.0,5.0,w1
C0C31CAAB3,1.0,0.0,5.0,5.0,5.0,w1
EDCCFD580C,1.0,1.0,2.0,2.0,2.0,w1
E04BD2CF9D,4.0,0.0,4.0,4.0,4.0,w1
894C75C144,1.0,1.0,1.0,1.0,3.0,w1
5B5113119C,2.0,4.0,-2.0,-2.0,-2.0,w1
6DEC8E67A0,4.0,0.0,4.0,4.0,4.0,w1
C82F73CAF2,2.0,0.0,2.0,2.0,2.0,w1
71FB0A024F,0.0,0.0,1.0,2.0,2.0,w1
3AE3C52453,5.0,0.0,7.0,7.0,7.0,w1
05B651F2F5,4.0,1.0,4.0,4.0,4.0,w1
FC28DC04DB,3.0,2.0,2.0,2.0,2.0,w1
32165C7029,5.0,1.0,5.0,5.0,5.0,w1
BC2E72CB41,2.0,1.0,0.0,0.0,0.0,w1
FF4FD1BDCF,3.0,0.0,3.0,3.0,3.0,w1
F1F30846E9,1.0,0.0,5.0,5.0,5.0,w1
6A02B7468E,3.0,1.0,3.0,3.0,5.0,w1
8F40B35CBD,5.0,0.0,7.0,7.0,7.0,w1
3C4DC7531B,1.0,1.0,1.0,1.0,1.0,w1
4F96B443CF,1.0,5.0,-3.0,-3.0,-3.0,w1
F9255E32C1,3.0,0.0,3.0,3.0,3.0,w1
C73432DAF1,1.0,0.0,1.0,2.0,2.0,w1
EB97F242CB,3.0,2.0,1.0,1.0,1.0,w1
6D301C56FD,2.0,2.0,1.0,1.0,1.0,w1
256F24D344,3.0,0.0,3.0,3.0,3.0,w1
5714746D97,1.0,1.0,1.0,1.0,1.0,w1
CA336D5DBF,3.0,1.0,3.0,4.0,4.0,w1
3BEB405F12,2.0,2.0,1.0,1.0,1.0,w1
5D49FBF032,1.0,1.0,0.0,0.0,0.0,w1
8C3616F07A,2.0,0.0,2.0,2.0,2.0,w1
AFB51BCA9D,1.0,1.0,1.0,1.0,1.0,w1
6BEC791037,3.0,1.0,3.0,3.0,3.0,w1
F816025311,4.0,2.0,3.0,3.0,3.0,w1
8B8ECB36FC,2.0,0.0,2.0,2.0,2.0,w1
AA0B16DCE7,2.0,1.0,3.0,3.0,3.0,w1
38C1963D29,1.0,1.0,1.0,1.0,1.0,w1
FDB6A3AF23,2.0,0.0,2.0,2.0,3.0,w1
F8CFA3EB14,1.0,2.0,2.0,3.0,3.0,w1
ADB941A308,1.0,0.0,1.0,1.0,1.0,w1
A611162AD3,2.0,1.0,1.0,1.0,1.0,w1
9425A73424,2.0,0.0,4.0,4.0,4.0,w1
3D3765B5DC,1.0,1.0,-0.0,-0.0,-0.0,w1
B6503D866C,3.0,0.0,3.0,3.0,3.0,w1
78CCFA3390,1.0,1.0,-0.0,-0.0,-0.0,w1
002CB45828,2.0,1.0,2.0,2.0,2.0,w1
979F5A5A7C,2.0,0.0,1.0,1.0,1.0,w1
835097342F,4.0,0.0,5.0,5.0,5.0,w1
4AD23E2A81,1.0,0.0,0.0,0.0,1.0,w1
E76CA916BD,4.0,2.0,2.0,2.0,2.0,w1
CCFE16F654,1.0,0.0,2.0,2.0,2.0,w1
0AF16739F5,2.0,0.0,1.0,1.0,1.0,w1
82BAFCBB87,2.0,0.0,2.0,2.0,2.0,w1
3196F785A5,1.0,1.0,1.0,1.0,1.0,w1
BA474D6EDB,0.0,0.0,0.0,0.0,1.0,w1
B8EA0A26DE,4.0,3.0,4.0,4.0,4.0,w1
A7F1C7EA3C,1.0,1.0,2.0,2.0,2.0,w1
8DF245465C,3.0,0.0,5.0,5.0,5.0,w1
90D05EB570,2.0,0.0,2.0,2.0,2.0,w1
53A670921F,1.0,1.0,1.0,1.0,1.0,w1
B6575E6C78,1.0,0.0,3.0,3.0,3.0,w1
9C201C2477,1.0,1.0,1.0,1.0,1.0,w1
23B24ECC76,3.0,0.0,3.0,3.0,3.0,w1
C2A655AEFE,1.0,1.0,2.0,2.0,3.0,w1
25A9B11C39,0.0,0.0,1.0,1.0,1.0,w1
3D6F1A0F71,2.0,0.0,3.0,3.0,3.0,w1
9C420EB6F3,1.0,0.0,2.0,2.0,2.0,w1
4AED415BE9,1.0,1.0,1.0,1.0,2.0,w1
C506DAEE88,2.0,0.0,2.0,2.0,2.0,w1
DF20CD0DA5,2.0,2.0,1.0,1.0,1.0,w1
3E91CD68F1,1.0,1.0,0.0,0.0,0.0,w1
C9DE0A5B06,1.0,0.0,2.0,2.0,2.0,w1
DA46086B9C,7.0,0.0,9.0,9.0,9.0,w1
A3F3B88BE2,1.0,0.0,2.0,2.0,2.0,w1
A99269CA72,3.0,1.0,3.0,5.0,5.0,w1
E76B2BA7F7,2.0,0.0,1.0,1.0,1.0,w1
001390830A,2.0,0.0,4.0,4.0,4.0,w1
79F2DBBB45,2.0,0.0,2.0,2.0,2.0,w1
7FC8C8B16B,1.0,0.0,1.0,1.0,1.0,w1
E93D76CFC4,4.0,2.0,5.0,5.0,5.0,w1
9CF3A57B6D,1.0,0.0,1.0,1.0,1.0,w1
2EB470AF3E,1.0,0.0,1.0,1.0,1.0,w1
991CC1A382,5.0,1.0,6.0,6.0,6.0,w1
A1CA2679C2,2.0,2.0,1.0,1.0,1.0,w1
7E3A813683,1.0,0.0,1.0,1.0,1.0,w1
8F46912F91,1.0,1.0,0.0,0.0,1.0,w1
CF7250A1EF,1.0,0.0,1.0,2.0,2.0,w1
4C602BD479,1.0,1.0,0.0,0.0,0.0,w1
9C4D8FCA81,4.0,1.0,5.0,5.0,5.0,w1
45B2A72EA6,3.0,1.0,5.0,5.0,5.0,w1
C522EC1C98,1.0,1.0,0.0,0.0,0.0,w1
BE5C24C02E,2.0,0.0,3.0,3.0,3.0,w1
437DE98B9D,3.0,3.0,1.0,1.0,1.0,w1
6D08592B01,4.0,1.0,5.0,5.0,5.0,w1
4E296FAA13,1.0,0.0,4.0,4.0,4.0,w1
54C63141D4,1.0,1.0,1.0,1.0,1.0,w1
BC19CADABE,1.0,1.0,1.0,1.0,1.0,w1
E021215FC4,2.0,0.0,2.0,2.0,2.0,w1
A5EF12D36B,1.0,1.0,0.0,1.0,1.0,w1
F036AB83A7,5.0,1.0,6.0,6.0,6.0,w1
E6AF16BF3F,2.0,0.0,4.0,4.0,4.0,w1
29FECCE31D,3.0,1.0,1.0,1.0,1.0,w1
71BBC0209C,1.0,0.0,2.0,2.0,3.0,w1
ECC2FB102D,3.0,0.0,2.0,2.0,3.0,w1
DFB7CD6156,5.0,0.0,6.0,6.0,6.0,w1
300A4937D5,0.0,2.0,-0.0,-0.0,-0.0,w1
C8E1E18141,2.0,0.0,2.0,2.0,2.0,w1
B4BBCEEC34,0.0,1.0,-0.0,-0.0,1.0,w1
6FD88FDCCA,4.0,0.0,5.0,5.0,5.0,w1
DA3CBBFDB8,3.0,0.0,4.0,4.0,4.0,w1
60D895B1E1,2.0,1.0,3.0,4.0,4.0,w1
0F8F0E9ABB,3.0,1.0,3.0,3.0,3.0,w1
E5EF43F70D,1.0,0.0,3.0,3.0,3.0,w1
703CF15506,3.0,0.0,3.0,3.0,3.0,w1
7FE96EBE2F,4.0,0.0,4.0,5.0,5.0,w1
BC3DD9FE55,6.0,1.0,8.0,8.0,8.0,w1
F9BF856046,1.0,1.0,0.0,1.0,1.0,w1
9DBEAD9980,3.0,0.0,4.0,4.0,4.0,w1
48616AA479,1.0,2.0,-0.0,-0.0,-0.0,w1
B51943216E,2.0,0.0,2.0,2.0,2.0,w1
8DD6C45819,4.0,3.0,1.0,1.0,1.0,w1
319C952DE0,2.0,0.0,3.0,3.0,3.0,w1
1F3564AD50,3.0,0.0,4.0,5.0,5.0,w1
63A3ADA9CD,5.0,0.0,5.0,5.0,5.0,w1
1234E1B4E4,1.0,0.0,2.0,2.0,2.0,w1
A1343AB73A,5.0,0.0,6.0,6.0,6.0,w1
D7FA488F8F,4.0,4.0,1.0,1.0,1.0,w1
473F2289E5,3.0,0.0,4.0,4.0,4.0,w1
D211C3DE4E,1.0,0.0,2.0,2.0,2.0,w1
072131DE0E,0.0,0.0,3.0,3.0,3.0,w1
A6BF53BB91,0.0,0.0,1.0,1.0,1.0,w1
F2F633FD2D,1.0,0.0,0.0,0.0,0.0,w1
3FAA7E98C9,2.0,0.0,3.0,3.0,3.0,w1
22E3E1DDF5,2.0,0.0,3.0,3.0,3.0,w1
8798A03422,2.0,0.0,6.0,6.0,6.0,w1
B9D046FB14,1.0,0.0,3.0,3.0,3.0,w1
13222F2A32,1.0,1.0,-1.0,-1.0,-1.0,w1
1147040EC3,1.0,0.0,1.0,1.0,1.0,w1
92B11C1B9F,1.0,1.0,-0.0,-0.0,-0.0,w1
BA22460AA4,1.0,1.0,0.0,0.0,1.0,w1
E690E438D1,2.0,1.0,4.0,4.0,4.0,w1
E3AA7353EB,0.0,0.0,2.0,2.0,2.0,w1
BEDF164914,2.0,3.0,2.0,2.0,2.0,w1
C03D44E902,3.0,1.0,4.0,4.0,4.0,w1
CC5B1928BD,1.0,5.0,-4.0,-4.0,-4.0,w1
D99CB46993,1.0,0.0,2.0,2.0,2.0,w1
7BA254CEF7,5.0,0.0,5.0,5.0,5.0,w1
579962F90C,3.0,2.0,2.0,2.0,2.0,w1
F207A71982,1.0,2.0,1.0,1.0,1.0,w1
634669467F,4.0,0.0,4.0,4.0,4.0,w1
FEE2363EB1,0.0,1.0,2.0,2.0,3.0,w1
ECECB3A413,2.0,0.0,3.0,3.0,3.0,w1
E4FD8C4C9E,2.0,1.0,3.0,4.0,4.0,w1
0364A3AF18,1.0,3.0,-1.0,-1.0,-1.0,w1
5A49383B45,3.0,0.0,2.0,3.0,3.0,w1
5814EFF872,3.0,0.0,3.0,4.0,4.0,w1
DFB59B3026,5.0,0.0,5.0,5.0,5.0,w1
D2F378A7D4,5.0,3.0,2.0,2.0,2.0,w1
4669154939,5.0,4.0,2.0,2.0,2.0,w1
6308BEE49A,1.0,1.0,1.0,1.0,1.0,w1
AA267470AB,2.0,1.0,1.0,1.0,1.0,w1
5A12C9F8DC,2.0,2.0,1.0,1.0,1.0,w1
575AD42FAF,3.0,1.0,3.0,3.0,3.0,w1
C773310A04,5.0,0.0,5.0,5.0,5.0,w1
DF3B410246,1.0,1.0,2.0,2.0,2.0,w1
2A42AC3A1A,1.0,1.0,1.0,1.0,1.0,w1
47E3CFCC62,1.0,0.0,1.0,1.0,1.0,w1
87FF18E689,1.0,0.0,2.0,2.0,2.0,w1
E4BCAF021B,3.0,1.0,3.0,3.0,3.0,w1
DFCC0EE62C,4.0,0.0,6.0,6.0,6.0,w1
4CE346E36A,1.0,0.0,3.0,3.0,3.0,w1
7CE7DD3B62,3.0,0.0,4.0,4.0,4.0,w1
4902DC316A,0.0,1.0,0.0,0.0,2.0,w1
BA4BEE51E5,1.0,2.0,-1.0,-1.0,-1.0,w1
B0F9D7D783,3.0,1.0,3.0,3.0,3.0,w1
6737A5858B,0.0,1.0,2.0,2.0,2.0,w1
19D870E1A4,3.0,1.0,4.0,4.0,5.0,w1
149342852E,0.0,0.0,0.0,0.0,0.0,w1
4BF5F21C9F,2.0,0.0,2.0,2.0,2.0,w1
F21BCDA57C,1.0,0.0,4.0,4.0,4.0,w1
3B6E943BF2,1.0,0.0,1.0,1.0,1.0,w1
42E038C9F7,2.0,0.0,2.0,2.0,2.0,w1
3851BA7769,2.0,4.0,-1.0,-1.0,-1.0,w1
A5205330D4,4.0,0.0,3.0,4.0,4.0,w1
0C04098E5F,2.0,0.0,3.0,3.0,3.0,w1
C2FDEC2277,1.0,0.0,1.0,1.0,1.0,w1
E5E910FCC1,1.0,1.0,0.0,0.0,0.0,w1
8FD1DE38DB,2.0,2.0,1.0,1.0,1.0,w1
DB18387B67,1.0,1.0,0.0,0.0,0.0,w1
9C915FFB1E,3.0,1.0,2.0,2.0,2.0,w1
4E568BD9BA,5.0,1.0,5.0,6.0,6.0,w1
F1148122A9,0.0,0.0,0.0,0.0,0.0,w1
52CCE8C007,5.0,1.0,5.0,5.0,5.0,w1
BF63B58C5E,1.0,2.0,1.0,1.0,1.0,w1
6917E9B8A7,4.0,1.0,2.0,2.0,2.0,w1
806B86CD3F,0.0,2.0,-2.0,-2.0,-2.0,w1
E3BD8797EB,2.0,1.0,3.0,3.0,3.0,w1
05936D9544,5.0,1.0,5.0,5.0,5.0,w1
978EA665D0,5.0,0.0,6.0,6.0,6.0,w1
BFF2BBB777,1.0,1.0,-0.0,-0.0,-0.0,w1
81CBB023EC,0.0,0.0,-0.0,-0.0,-0.0,w1
3DCAF0947D,4.0,0.0,4.0,5.0,5.0,w1
1484BCE6F5,1.0,0.0,0.0,0.0,0.0,w1
689B7B8267,1.0,1.0,0.0,0.0,0.0,w1
8F2000F832,2.0,1.0,3.0,3.0,3.0,w1
9BB5305B33,2.0,0.0,2.0,2.0,2.0,w1
5206A32DF5,5.0,0.0,5.0,5.0,5.0,w1
28A966CEFB,4.0,1.0,5.0,5.0,5.0,w1
6575B89DE6,3.0,0.0,3.0,3.0,3.0,w1
6BDEB15824,4.0,1.0,5.0,5.0,5.0,w1
E56322A6B4,1.0,0.0,2.0,2.0,2.0,w1
FEB1BB1450,2.0,0.0,3.0,3.0,3.0,w1
7A694B0DBD,4.0,0.0,4.0,4.0,5.0,w1
BF41B9BB55,1.0,1.0,2.0,2.0,2.0,w1
96F07AFEB3,1.0,1.0,0.0,1.0,1.0,w1
0021A3E6C4,1.0,1.0,1.0,1.0,1.0,w1
B1079398BA,1.0,1.0,1.0,2.0,2.0,w1
F8A5B7575C,2.0,0.0,3.0,3.0,3.0,w1
9F26667369,2.0,1.0,3.0,3.0,3.0,w1
A1E6042C78,3.0,1.0,2.0,2.0,2.0,w1
0128948590,1.0,1.0,3.0,3.0,3.0,w1
BDD3878D6F,0.0,1.0,2.0,2.0,2.0,w1
FD7D1A0574,1.0,2.0,-0.0,0.0,0.0,w1
2C0736A4AF,2.0,0.0,3.0,3.0,3.0,w1
CB559D4639,3.0,0.0,5.0,5.0,5.0,w1
63B8F56A0A,2.0,1.0,1.0,1.0,1.0,w1
7EFA229DEB,2.0,0.0,4.0,5.0,5.0,w1
3F123099C6,2.0,2.0,0.0,0.0,0.0,w1
4FB3FF280F,0.0,2.0,2.0,2.0,2.0,w1
A2BE81BF59,2.0,0.0,3.0,3.0,3.0,w1
088D8B8808,3.0,0.0,3.0,3.0,3.0,w1
92938FA7A0,1.0,1.0,1.0,1.0,1.0,w1
1F4EEC4A25,2.0,1.0,2.0,2.0,2.0,w1
53D6656898,1.0,1.0,1.0,1.0,1.0,w1
0DD21A8EBA,5.0,0.0,6.0,6.0,6.0,w1
E9BD1A373D,2.0,3.0,-1.0,-1.0,-1.0,w1
22BA6291BB,1.0,0.0,2.0,2.0,2.0,w1
965A677B67,3.0,0.0,4.0,4.0,4.0,w1
80077928B2,2.0,3.0,-1.0,-1.0,-1.0,w1
B8727C52F9,2.0,2.0,-0.0,-0.0,-0.0,w1
4CCB718CC7,3.0,1.0,1.0,1.0,1.0,w1
E540E4FC0F,2.0,0.0,4.0,4.0,4.0,w1
E8211BEAB4,1.0,1.0,0.0,0.0,0.0,w1
C6A71AC6B6,3.0,0.0,3.0,3.0,3.0,w1
08CCFBFC62,2.0,1.0,1.0,1.0,1.0,w1
27093046A2,2.0,1.0,2.0,2.0,2.0,w1
59C6829987,1.0,0.0,1.0,1.0,1.0,w1
261A8C3CD2,1.0,1.0,3.0,3.0,4.0,w1
FE3C183D8A,2.0,1.0,3.0,4.0,4.0,w1
6E8A28FECF,2.0,1.0,2.0,2.0,2.0,w1
18D5C09359,1.0,1.0,1.0,1.0,1.0,w1
B7B2C7AF70,3.0,0.0,5.0,5.0,5.0,w1
CABC2CDCA8,4.0,0.0,5.0,5.0,5.0,w1
6A613990E2,1.0,0.0,1.0,1.0,1.0,w1
D5F45B8B0D,4.0,0.0,4.0,4.0,4.0,w1
CB6A6E8C9D,1.0,0.0,2.0,2.0,2.0,w1
72C75BA7D8,1.0,1.0,0.0,0.0,0.0,w1
FFFD43C120,3.0,1.0,3.0,3.0,3.0,w1
625DCFE400,1.0,0.0,2.0,2.0,2.0,w1
A2923E8D9E,1.0,0.0,1.0,1.0,1.0,w1
1D48CD443C,1.0,0.0,1.0,1.0,1.0,w1
9B70D8B62F,1.0,0.0,3.0,3.0,3.0,w1
BF6AB5F56B,1.0,0.0,1.0,1.0,1.0,w1
FC5E1AE3B0,2.0,2.0,1.0,1.0,1.0,w1
6D3FEDB2C6,1.0,1.0,4.0,4.0,4.0,w1
A0D7CA9FBD,5.0,2.0,4.0,4.0,4.0,w1
1A6C0920A2,1.0,3.0,-2.0,-2.0,-1.0,w1
FA39AD1527,3.0,1.0,2.0,2.0,2.0,w1
46D116CB7A,1.0,0.0,1.0,1.0,1.0,w1
279E5324D7,0.0,1.0,-0.0,0.0,0.0,w1
5E50B162BB,1.0,2.0,-1.0,-0.0,-0.0,w1
D8D99C8081,3.0,1.0,3.0,3.0,3.0,w1
22D1641AFD,2.0,1.0,1.0,1.0,1.0,w1
5B83DEB20C,4.0,0.0,4.0,4.0,4.0,w1
8B22E8B018,1.0,1.0,0.0,0.0,0.0,w1
8101C8E60E,2.0,0.0,2.0,2.0,2.0,w1
9A7B85497A,2.0,1.0,2.0,2.0,2.0,w1
52A4070849,3.0,2.0,2.0,2.0,2.0,w1
DA6C812D27,1.0,1.0,1.0,1.0,1.0,w1
CA3DE8D25A,1.0,2.0,-0.0,-0.0,0.0,w1
CE72977952,0.0,0.0,1.0,1.0,2.0,w1
64C53DCB51,1.0,1.0,1.0,1.0,1.0,w1
44C37EC557,5.0,1.0,4.0,4.0,4.0,w1
39634C3258,1.0,1.0,3.0,3.0,3.0,w1
0835A2B6C8,2.0,0.0,4.0,4.0,4.0,w1
B928324F83,2.0,1.0,4.0,4.0,4.0,w1
F5D58D37E5,2.0,1.0,2.0,2.0,4.0,w1
7DE059129C,2.0,0.0,4.0,4.0,4.0,w1
6755B4E222,1.0,1.0,-1.0,-1.0,-1.0,w1
EBCF652C2F,4.0,1.0,3.0,3.0,3.0,w1
44A731376F,3.0,1.0,4.0,4.0,4.0,w1
A807EFADCD,0.0,1.0,0.0,1.0,1.0,w1
937652BAC4,4.0,1.0,6.0,6.0,6.0,w1
2C030F6720,4.0,0.0,4.0,5.0,5.0,w1
D9F6D02B30,5.0,1.0,5.0,6.0,6.0,w1
F133DC082B,1.0,1.0,3.0,3.0,3.0,w1
A9F7891560,1.0,1.0,-0.0,-0.0,0.0,w1
CAD5472ECC,1.0,0.0,0.0,0.0,0.0,w1
189076854A,0.0,1.0,0.0,0.0,1.0,w1
DDFF661E75,1.0,1.0,2.0,2.0,2.0,w1
847541EB69,4.0,2.0,4.0,4.0,4.0,w1
C0CC8E7609,1.0,3.0,-1.0,-1.0,-1.0,w1
2316815757,2.0,1.0,1.0,1.0,1.0,w1
7FABC4D4D5,3.0,1.0,3.0,3.0,3.0,w1
A1758781FE,5.0,0.0,5.0,5.0,5.0,w1
AC12D72F9B,2.0,0.0,3.0,3.0,3.0,w1
60FF5F2B41,3.0,1.0,3.0,3.0,3.0,w1
3873D99E0B,1.0,0.0,1.0,1.0,1.0,w1
619DF195CD,4.0,2.0,2.0,2.0,2.0,w1
14B2B4D901,3.0,0.0,3.0,3.0,3.0,w1
2F58BD18A0,0.0,0.0,0.0,0.0,0.0,w1
A35688BE97,1.0,1.0,1.0,1.0,1.0,w1
FDE537BD28,0.0,1.0,-0.0,-0.0,-0.0,w1
F6003D1FAC,3.0,2.0,1.0,1.0,1.0,w1
99C79CEADB,1.0,1.0,3.0,3.0,3.0,w1
811551E20C,1.0,0.0,1.0,1.0,1.0,w1
B87212E784,0.0,0.0,0.0,0.0,1.0,w1
702EDCD474,2.0,0.0,4.0,5.0,5.0,w1
35FE0A0A5D,1.0,2.0,5.0,5.0,5.0,w1
010BB109C3,1.0,1.0,0.0,0.0,0.0,w1
C342B03812,2.0,0.0,4.0,4.0,4.0,w1
D5E748656B,1.0,0.0,4.0,4.0,4.0,w1
04449DE882,5.0,1.0,5.0,5.0,5.0,w1
0784DDE986,1.0,0.0,3.0,3.0,3.0,w1
EB5C58B25E,2.0,3.0,-0.0,1.0,1.0,w1
F4A6EC0B44,1.0,0.0,1.0,1.0,1.0,w1
326C91B4E0,1.0,1.0,2.0,2.0,2.0,w1
D45E0632BC,3.0,1.0,3.0,3.0,3.0,w1
7B57E73CF1,2.0,1.0,2.0,2.0,2.0,w1
E046190EFD,1.0,1.0,1.0,1.0,1.0,w1
94643317E0,1.0,1.0,1.0,1.0,1.0,w1
43260D75F6,2.0,1.0,2.0,2.0,2.0,w1
4377CE9C6B,3.0,1.0,3.0,3.0,3.0,w1
20217D4626,2.0,2.0,1.0,1.0,1.0,w1
C380567968,2.0,0.0,2.0,2.0,2.0,w1
A082EAF5D1,4.0,3.0,4.0,4.0,4.0,w1
0BA254FA8C,6.0,3.0,4.0,4.0,4.0,w1
90E0317C95,3.0,0.0,3.0,3.0,3.0,w1
E13C4AB8FC,9.0,1.0,9.0,9.0,11.0,w1
50FA91F630,1.0,4.0,-1.0,-1.0,-1.0,w1
1A7BD49DC0,2.0,1.0,4.0,5.0,5.0,w1
408B89A38E,3.0,0.0,3.0,3.0,3.0,w1
0F0414F327,3.0,1.0,3.0,3.0,8.0,w1
F4BF2646EB,5.0,0.0,5.0,6.0,6.0,w1
C9BEC7B72F,1.0,2.0,-1.0,-1.0,-1.0,w1
28F3C0C143,2.0,5.0,-3.0,-2.0,-2.0,w1
7FD09F7BC5,3.0,0.0,6.0,7.0,7.0,w1
1328F8F7D7,3.0,0.0,3.0,4.0,4.0,w1
7EF835B4B4,1.0,1.0,2.0,2.0,2.0,w1
4ECB7E7E46,1.0,1.0,2.0,2.0,2.0,w1
27D963A956,2.0,1.0,1.0,2.0,2.0,w1
3B43DC2A33,1.0,0.0,1.0,1.0,1.0,w1
F447434BBB,1.0,4.0,-2.0,-2.0,-2.0,w1
6DDD77261D,2.0,0.0,3.0,3.0,3.0,w1
7D338E8CDF,4.0,1.0,3.0,3.0,3.0,w1
9A78E15001,5.0,0.0,5.0,5.0,5.0,w1
D3F22F79D7,1.0,0.0,2.0,2.0,2.0,w1
7A14819F07,1.0,0.0,3.0,3.0,3.0,w1
33CF73F845,3.0,2.0,1.0,1.0,1.0,w1
5514647365,1.0,0.0,3.0,3.0,3.0,w1
4CA98EBB41,1.0,0.0,3.0,3.0,3.0,w1
3FBFE9E5D0,3.0,2.0,2.0,2.0,2.0,w1
131B0F6131,1.0,1.0,2.0,2.0,2.0,w1
518367E220,1.0,0.0,1.0,1.0,1.0,w1
F8862A38A3,2.0,1.0,1.0,1.0,1.0,w1
C82AC660DD,2.0,1.0,2.0,2.0,2.0,w1
D042D598E3,3.0,0.0,3.0,3.0,3.0,w1
B96472E64E,6.0,2.0,4.0,4.0,4.0,w1
84DF294841,6.0,0.0,7.0,7.0,7.0,w1
DB9E56B0DA,1.0,0.0,0.0,0.0,0.0,w1
E1812D2C4A,3.0,0.0,5.0,5.0,5.0,w1
00B6AE65B3,2.0,0.0,2.0,2.0,2.0,w1
514145E74A,1.0,1.0,1.0,1.0,2.0,w1
520BE96249,1.0,0.0,2.0,2.0,2.0,w1
08A208FD13,1.0,0.0,2.0,2.0,2.0,w1
988AC60658,1.0,1.0,0.0,0.0,0.0,w1
8DB0F38FBD,2.0,1.0,3.0,3.0,3.0,w1
4256484EB4,0.0,1.0,0.0,1.0,1.0,w1
CC618915DC,3.0,1.0,3.0,3.0,3.0,w1
E34CF0C160,2.0,1.0,0.0,0.0,0.0,w1
0566B2042B,3.0,2.0,2.0,2.0,2.0,w1
393A950978,1.0,1.0,1.0,1.0,1.0,w1
06A5019318,1.0,1.0,1.0,1.0,1.0,w1
BD373FB58A,0.0,0.0,1.0,1.0,1.0,w1
4D5944AB8D,1.0,2.0,-0.0,-0.0,-0.0,w1
E3C15175DC,2.0,4.0,-0.0,-0.0,-0.0,w1
2C14A9E9ED,0.0,3.0,-2.0,-2.0,-2.0,w1
0DECDEF29F,5.0,2.0,4.0,4.0,4.0,w1
C33384370E,3.0,1.0,3.0,7.0,7.0,w2
F48C534AEF,3.0,2.0,1.0,3.0,3.0,w2
6DF2CA5FB8,5.0,1.0,6.0,12.0,12.0,w2
1D1C2500DB,3.0,3.0,0.0,1.0,1.0,w2
0A83B415E2,3.0,1.0,2.0,5.0,5.0,w2
C5C9B0C8A1,5.0,0.0,5.0,10.0,10.0,w2
2A9E66FAE8,2.0,3.0,0.0,1.0,1.0,w2
98740E9E92,2.0,1.0,3.0,5.0,5.0,w2
B098A6D20B,4.0,0.0,4.0,8.0,8.0,w2
405B5D6409,2.0,1.0,1.0,2.0,2.0,w2
AA737E2918,4.0,1.0,5.0,10.0,10.0,w2
8BD7F05223,1.0,0.0,2.0,3.0,3.0,w2
348ADF3E35,3.0,1.0,3.0,6.0,6.0,w2
CA699A46BC,6.0,1.0,5.0,10.0,10.0,w2
046BD497F2,4.0,0.0,5.0,10.0,10.0,w2
BFF1425147,4.0,2.0,2.0,5.0,5.0,w2
BE410D17B9,2.0,0.0,5.0,10.0,10.0,w2
765A71999B,4.0,2.0,3.0,6.0,7.0,w2
340F16A030,5.0,2.0,5.0,10.0,10.0,w2
274D098F88,3.0,0.0,5.0,9.0,9.0,w2
9DBC407398,4.0,3.0,0.0,1.0,1.0,w2
AE0D6DB2FE,9.0,1.0,9.0,17.0,17.0,w2
A0A4762457,2.0,1.0,3.0,5.0,5.0,w2
33895AFDE5,2.0,2.0,0.0,0.0,0.0,w2
54D9DE2175,5.0,1.0,4.0,7.0,11.0,w2
8FE46352FB,2.0,0.0,2.0,5.0,5.0,w2
7D8B6DF6C3,3.0,0.0,4.0,7.0,7.0,w2
E103D0B21D,5.0,3.0,3.0,6.0,6.0,w2
2D7E63775F,4.0,0.0,5.0,10.0,10.0,w2
F8046CDD45,5.0,0.0,5.0,10.0,10.0,w2
8B6572A6B9,4.0,2.0,5.0,9.0,10.0,w2
A3B21603B6,2.0,3.0,0.0,0.0,0.0,w2
40EF06AFB1,1.0,0.0,2.0,5.0,5.0,w2
E8A27C30B6,3.0,2.0,1.0,3.0,3.0,w2
29FBEDCA0F,4.0,1.0,4.0,8.0,8.0,w2
428479BF86,5.0,1.0,5.0,11.0,11.0,w2
7994A42F64,2.0,1.0,1.0,3.0,3.0,w2
61D216749F,5.0,1.0,5.0,10.0,10.0,w2
31BE6F383E,8.0,0.0,8.0,16.0,16.0,w2
76DCA6AD7E,8.0,0.0,10.0,20.0,20.0,w2
2E03C34AAA,3.0,3.0,3.0,6.0,6.0,w2
E1C013A017,2.0,2.0,0.0,1.0,1.0,w2
A2A2485F49,3.0,0.0,5.0,13.0,13.0,w2
2F788CA993,6.0,0.0,7.0,15.0,15.0,w2
11DEE3672C,2.0,1.0,4.0,8.0,8.0,w2
C5D251F653,4.0,2.0,2.0,4.0,4.0,w2
7B1A56F333,3.0,2.0,2.0,3.0,3.0,w2
45F659D74C,3.0,1.0,3.0,5.0,5.0,w2
814D5C977A,8.0,2.0,7.0,15.0,15.0,w2
0EB42C2EEF,2.0,2.0,2.0,7.0,7.0,w2
669253DAFF,3.0,1.0,5.0,10.0,10.0,w2
A608628CE7,7.0,1.0,6.0,13.0,13.0,w2
28AC3DF17B,2.0,1.0,2.0,3.0,3.0,w2
BFD0A2F1A3,4.0,0.0,4.0,10.0,10.0,w2
FFEA6399EA,2.0,1.0,1.0,1.0,2.0,w2
1586861386,6.0,0.0,6.0,12.0,12.0,w2
BA6472D791,3.0,0.0,3.0,7.0,8.0,w2
D67BEEE898,11.0,0.0,14.0,28.0,28.0,w2
7678994A5A,3.0,1.0,3.0,5.0,6.0,w2
8A1D1344CE,6.0,0.0,6.0,12.0,12.0,w2
188373672C,5.0,4.0,2.0,4.0,4.0,w2
279C578150,1.0,1.0,2.0,4.0,4.0,w2
A48AD2278E,2.0,0.0,2.0,4.0,4.0,w2
FCB0E76431,1.0,1.0,1.0,1.0,1.0,w2
16B05DFAE1,5.0,0.0,7.0,14.0,14.0,w2
8B0284A376,4.0,1.0,4.0,7.0,7.0,w2
4DE207F5EA,1.0,0.0,2.0,4.0,4.0,w2
87133073DF,4.0,0.0,4.0,10.0,11.0,w2
E2EDC2C582,6.0,2.0,6.0,14.0,14.0,w2
7792A06CB9,4.0,1.0,5.0,10.0,10.0,w2
65E03FB675,7.0,0.0,11.0,21.0,21.0,w2
8B03288F01,4.0,1.0,6.0,12.0,12.0,w2
0F33235CEF,5.0,1.0,3.0,7.0,7.0,w2
987A28756A,3.0,1.0,4.0,7.0,7.0,w2
EDEDC54E94,3.0,1.0,5.0,10.0,15.0,w2
F3CCC01853,3.0,0.0,3.0,8.0,8.0,w2
1EBA2A3B05,2.0,0.0,2.0,4.0,4.0,w2
7D986C53D9,4.0,2.0,3.0,5.0,6.0,w2
3AB0ABD442,5.0,2.0,3.0,8.0,8.0,w2
4989E2EA18,3.0,3.0,2.0,4.0,4.0,w2
9A88AB987E,6.0,0.0,7.0,13.0,14.0,w2
4CABC29A07,13.0,2.0,14.0,27.0,27.0,w2
CECE59BFEC,4.0,1.0,5.0,10.0,10.0,w2
96D45251E0,4.0,2.0,3.0,6.0,6.0,w2
5B9550DCB0,3.0,0.0,3.0,7.0,7.0,w2
C2099935AD,4.0,6.0,-2.0,-3.0,-3.0,w2
08D709A73D,4.0,1.0,4.0,9.0,9.0,w2
3A0E007E7E,5.0,1.0,3.0,7.0,7.0,w2
CFEC99817F,6.0,0.0,8.0,16.0,16.0,w2
966A9953DF,3.0,0.0,3.0,6.0,6.0,w2
1F2A1BBBB4,3.0,3.0,-0.0,-1.0,-1.0,w2
3F249C3C85,5.0,0.0,6.0,12.0,12.0,w2
B585FC376B,4.0,0.0,4.0,7.0,7.0,w2
6BBD49FCAA,3.0,1.0,4.0,7.0,7.0,w2
AADE614398,8.0,2.0,7.0,14.0,14.0,w2
24D0838878,3.0,0.0,6.0,11.0,11.0,w2
71BBB863CA,6.0,3.0,5.0,10.0,10.0,w2
18AD84FB1A,4.0,2.0,2.0,5.0,5.0,w2
A9E61C9B1A,6.0,0.0,7.0,13.0,13.0,w2
147AE664AB,10.0,1.0,10.0,20.0,21.0,w2
B05C365B67,3.0,0.0,3.0,7.0,7.0,w2
5D58A51AE0,1.0,0.0,5.0,9.0,9.0,w2
81507EB861,3.0,0.0,2.0,5.0,6.0,w2
FC34D4C88E,2.0,0.0,2.0,4.0,4.0,w2
67E73241AC,3.0,0.0,8.0,16.0,16.0,w2
30D52E1ED6,6.0,1.0,5.0,11.0,11.0,w2
E6FA01CAC3,3.0,0.0,3.0,6.0,6.0,w2
F63DB6D931,5.0,0.0,6.0,11.0,11.0,w2
648E381D3F,3.0,1.0,3.0,6.0,6.0,w2
160A23420F,2.0,1.0,2.0,5.0,5.0,w2
47EEE309EC,2.0,1.0,0.0,1.0,1.0,w2
EB3772BC63,5.0,0.0,7.0,14.0,14.0,w2
AF5E47B0CE,4.0,0.0,5.0,9.0,9.0,w2
C354E045F3,4.0,1.0,5.0,11.0,11.0,w2
F18618FDF0,2.0,0.0,3.0,6.0,7.0,w2
23198C3D21,4.0,1.0,5.0,11.0,11.0,w2
1C62D617C4,1.0,2.0,1.0,3.0,3.0,w2
51164C0F40,3.0,0.0,4.0,9.0,9.0,w2
7E1C7EC3CB,6.0,0.0,7.0,14.0,14.0,w2
0E1A6DA143,2.0,0.0,5.0,10.0,10.0,w2
3BBA1D2EAA,2.0,0.0,2.0,5.0,5.0,w2
9C62602DF8,2.0,0.0,5.0,11.0,11.0,w2
08A9A297BB,6.0,2.0,5.0,9.0,9.0,w2
6537CE4317,4.0,0.0,4.0,8.0,8.0,w2
F6A3157A09,3.0,0.0,4.0,8.0,8.0,w2
B4C9CE3A82,3.0,1.0,3.0,5.0,5.0,w2
1AA942A33B,4.0,0.0,6.0,11.0,11.0,w2
F83BB14B76,8.0,0.0,8.0,17.0,17.0,w2
D20C317743,4.0,2.0,3.0,6.0,6.0,w2
D20B068B31,4.0,1.0,7.0,13.0,14.0,w2
DF45F85436,2.0,0.0,5.0,11.0,11.0,w2
89F4BFBFDF,1.0,1.0,1.0,3.0,3.0,w2
FCB6E311A3,2.0,1.0,1.0,2.0,2.0,w2
DF26FB3236,4.0,1.0,5.0,9.0,9.0,w2
DE9DA91AA7,6.0,1.0,6.0,11.0,11.0,w2
9480FDE565,5.0,1.0,4.0,9.0,9.0,w2
6B552EF85D,6.0,3.0,2.0,5.0,5.0,w2
D0C28E859D,4.0,0.0,5.0,10.0,10.0,w2
DC1FCBAABD,4.0,1.0,3.0,6.0,6.0,w2
81730A9A91,4.0,3.0,2.0,4.0,8.0,w2
7085410DCD,1.0,1.0,1.0,3.0,3.0,w2
21B3661709,7.0,1.0,8.0,16.0,16.0,w2
68234E7302,2.0,0.0,3.0,7.0,7.0,w2
EFA1E8CC70,1.0,1.0,0.0,0.0,0.0,w2
9322D0B54D,2.0,2.0,1.0,1.0,1.0,w2
7CA924EE50,1.0,2.0,1.0,2.0,2.0,w2
98BD15B2AE,5.0,0.0,5.0,11.0,11.0,w2
7109B2A47E,5.0,0.0,6.0,14.0,14.0,w2
10A6E5D991,2.0,0.0,1.0,3.0,3.0,w2
560C1C3346,4.0,0.0,6.0,11.0,11.0,w2
C0293A6825,2.0,1.0,2.0,4.0,4.0,w2
E22283073F,4.0,2.0,3.0,8.0,8.0,w2
0DAE194106,3.0,0.0,3.0,6.0,6.0,w2
6D3D6B5701,5.0,2.0,3.0,7.0,7.0,w2
7B3D636FC6,4.0,0.0,4.0,8.0,8.0,w2
C43335ACCC,4.0,1.0,3.0,7.0,7.0,w2
D079848821,7.0,1.0,7.0,14.0,14.0,w2
C0E6BEC2F1,2.0,3.0,-0.0,-1.0,-1.0,w2
98E2DE4B2A,4.0,5.0,-1.0,-1.0,-1.0,w2
7FC085ADBA,3.0,0.0,3.0,6.0,6.0,w2
34F816DF86,4.0,0.0,5.0,11.0,11.0,w2
580C46ACCE,3.0,0.0,6.0,12.0,12.0,w2
210EA53258,2.0,0.0,2.0,4.0,4.0,w2
BC404B7F42,1.0,2.0,-0.0,-0.0,-0.0,w2
7C588C34CF,6.0,0.0,7.0,13.0,13.0,w2
35844EE26D,3.0,1.0,2.0,5.0,5.0,w2
7043E34013,5.0,1.0,5.0,10.0,10.0,w2
F1D3453EC6,3.0,0.0,5.0,11.0,11.0,w2
6C86BFB1C5,6.0,1.0,6.0,12.0,12.0,w2
5679F741D0,5.0,1.0,5.0,9.0,9.0,w2
1CDD297240,4.0,2.0,4.0,7.0,7.0,w2
4886D58FF2,4.0,0.0,4.0,8.0,8.0,w2
64325B0279,2.0,0.0,2.0,5.0,5.0,w2
3538AE3067,3.0,0.0,3.0,6.0,6.0,w2
41A3ADF63E,2.0,1.0,3.0,5.0,5.0,w2
410163D710,4.0,0.0,8.0,15.0,15.0,w2
8BDF939997,3.0,0.0,5.0,9.0,9.0,w2
30553E3D46,8.0,1.0,8.0,17.0,17.0,w2
C875A3E6FE,4.0,1.0,4.0,9.0,9.0,w2
4AC4667352,4.0,2.0,2.0,5.0,5.0,w2
3CC4365732,2.0,0.0,3.0,7.0,8.0,w2
190BB4B4B1,2.0,2.0,3.0,5.0,5.0,w2
479ED05CDF,10.0,1.0,10.0,19.0,19.0,w2
E0A46E07C3,2.0,0.0,2.0,4.0,4.0,w2
912BBA0F43,2.0,4.0,-1.0,-1.0,-1.0,w2
F70D563C6E,2.0,1.0,2.0,5.0,5.0,w2
D424BE67F0,2.0,2.0,1.0,2.0,2.0,w2
53B90A6B6D,6.0,0.0,8.0,15.0,15.0,w2
9A0E2665A9,3.0,0.0,4.0,7.0,8.0,w2
315F9B380F,2.0,2.0,1.0,1.0,1.0,w2
A9B4E12808,5.0,0.0,5.0,10.0,10.0,w2
3D0837D982,2.0,0.0,2.0,3.0,3.0,w2
17F2295679,2.0,1.0,1.0,3.0,3.0,w2
277E34108C,2.0,3.0,-1.0,-1.0,-1.0,w2
B6FBCF0167,4.0,2.0,3.0,6.0,6.0,w2
F66037EB1C,3.0,0.0,3.0,7.0,7.0,w2
FB08D1CD92,3.0,2.0,1.0,2.0,2.0,w2
B102EAAD60,2.0,0.0,2.0,4.0,4.0,w2
1FF3A6D3EB,4.0,3.0,2.0,4.0,4.0,w2
CFAF9C1845,2.0,0.0,2.0,4.0,4.0,w2
E4512962A4,10.0,2.0,8.0,16.0,17.0,w2
93CB7EDE3C,4.0,1.0,3.0,6.0,6.0,w2
B8E74A9DF9,6.0,2.0,4.0,8.0,9.0,w2
88D2A5587F,1.0,1.0,2.0,6.0,6.0,w2
9974DF4155,2.0,0.0,3.0,5.0,5.0,w2
3197598077,4.0,0.0,4.0,8.0,8.0,w2
38F2707C06,3.0,2.0,2.0,4.0,4.0,w2
B84B3EC360,1.0,1.0,1.0,2.0,2.0,w2
A971A406E5,7.0,1.0,6.0,13.0,13.0,w2
FF783C2AEE,4.0,2.0,3.0,6.0,7.0,w2
F5D88384E2,6.0,2.0,6.0,12.0,12.0,w2
177B9581ED,5.0,1.0,5.0,10.0,10.0,w2
F2F3D01157,6.0,1.0,5.0,11.0,11.0,w2
868C886BA5,10.0,2.0,9.0,19.0,19.0,w2
1D924859EA,3.0,0.0,6.0,11.0,11.0,w2
2F063009FF,3.0,0.0,3.0,6.0,6.0,w2
5BAB46757F,3.0,1.0,2.0,3.0,4.0,w2
BC6BF40069,5.0,2.0,3.0,7.0,7.0,w2
04B6136FCD,2.0,1.0,2.0,4.0,5.0,w2
1D23780143,3.0,0.0,4.0,9.0,9.0,w2
C4932D4C93,3.0,1.0,2.0,4.0,4.0,w2
FC1E4AD01D,4.0,1.0,3.0,7.0,7.0,w2
DA985763FE,2.0,0.0,3.0,6.0,6.0,w2
23A07FF08C,1.0,0.0,1.0,2.0,2.0,w2
285CBD51D1,3.0,2.0,3.0,5.0,5.0,w2
36244C9225,2.0,1.0,1.0,2.0,2.0,w2
6C0FCF38D8,1.0,3.0,-1.0,-2.0,-2.0,w2
7C14C9CC4A,4.0,1.0,5.0,10.0,10.0,w2
E575C267AF,2.0,2.0,2.0,4.0,4.0,w2
A5F5B56F71,3.0,1.0,3.0,7.0,7.0,w2
3618369870,3.0,2.0,2.0,4.0,4.0,w2
48836A0529,5.0,1.0,5.0,10.0,10.0,w2
8454BD8244,4.0,0.0,5.0,10.0,10.0,w2
15FA7AFAA3,3.0,2.0,4.0,9.0,9.0,w2
8857A4CF32,2.0,1.0,3.0,7.0,7.0,w2
829EDBF969,1.0,0.0,2.0,4.0,4.0,w2
71B9266FDE,7.0,0.0,8.0,15.0,15.0,w2
07A12CE415,4.0,1.0,4.0,8.0,8.0,w2
7170AF0B94,3.0,0.0,4.0,8.0,8.0,w2
2DFEBC5FE0,4.0,3.0,4.0,7.0,7.0,w2
F3CB847F46,3.0,1.0,3.0,11.0,11.0,w2
9ED581BFF1,2.0,2.0,1.0,2.0,2.0,w2
DF6B7F9273,4.0,1.0,4.0,8.0,8.0,w2
295A9FE03B,4.0,1.0,3.0,7.0,7.0,w2
8AB16273BD,8.0,0.0,9.0,18.0,18.0,w2
45A0CBF484,2.0,1.0,4.0,7.0,8.0,w2
48C0B55003,4.0,0.0,4.0,8.0,8.0,w2
262B06809C,3.0,1.0,2.0,4.0,4.0,w2
EB4B75EA90,4.0,4.0,3.0,5.0,5.0,w2
DBB3A30B9E,6.0,2.0,6.0,11.0,11.0,w2
CC6AACED3F,4.0,0.0,4.0,8.0,8.0,w2
846BE27287,5.0,0.0,12.0,24.0,24.0,w2
2712B33306,6.0,0.0,8.0,16.0,16.0,w2
F365DDC79E,8.0,0.0,8.0,16.0,16.0,w2
B22888EED1,8.0,0.0,10.0,21.0,21.0,w2
4582036A89,2.0,2.0,1.0,1.0,1.0,w2
EC3A4F20FA,2.0,1.0,2.0,4.0,4.0,w2
33B17060BE,2.0,3.0,-0.0,-0.0,-0.0,w2
46703E5943,7.0,0.0,7.0,15.0,15.0,w2
93F55EEF23,5.0,0.0,6.0,12.0,12.0,w2
E8ED407949,10.0,1.0,10.0,19.0,19.0,w2
06CBB3802A,3.0,0.0,8.0,15.0,15.0,w2
E1AB363064,4.0,1.0,5.0,11.0,11.0,w2
7627B60AC2,6.0,1.0,7.0,13.0,13.0,w2
E2623C0F46,8.0,0.0,8.0,16.0,17.0,w2
B0A35F063B,6.0,1.0,6.0,12.0,12.0,w2
1F18119C26,3.0,0.0,4.0,7.0,7.0,w2
0194166EE0,4.0,1.0,3.0,6.0,6.0,w2
64B02C335C,2.0,0.0,2.0,5.0,5.0,w2
CE4BA72B04,3.0,1.0,3.0,6.0,6.0,w2
7C4BB912EC,5.0,1.0,4.0,9.0,9.0,w2
BCD0F1186F,5.0,1.0,6.0,13.0,13.0,w2
26CF476852,6.0,0.0,7.0,13.0,15.0,w2
A135E06217,5.0,1.0,5.0,10.0,10.0,w2
24380ECC34,1.0,0.0,2.0,3.0,3.0,w2
9F6127D0C9,4.0,1.0,4.0,8.0,8.0,w2
6E7B98BCAB,5.0,1.0,8.0,16.0,16.0,w2
1E568BC3FC,2.0,0.0,2.0,5.0,5.0,w2
B4F6DB5B2E,2.0,2.0,1.0,2.0,2.0,w2
B5DB03823B,2.0,0.0,2.0,4.0,4.0,w2
AAC6BBB9FA,4.0,1.0,4.0,8.0,8.0,w2
7A4C5A3875,3.0,0.0,3.0,6.0,6.0,w2
706A8F575C,4.0,3.0,2.0,3.0,3.0,w2
31071902E1,2.0,0.0,4.0,9.0,9.0,w2
AF5E905739,3.0,1.0,2.0,4.0,4.0,w2
BF1AA3BFAD,3.0,0.0,3.0,7.0,7.0,w2
10C2353C73,5.0,2.0,3.0,8.0,8.0,w2
1AF8078210,2.0,0.0,2.0,5.0,5.0,w2
CBF2460530,5.0,3.0,3.0,6.0,6.0,w2
E9E69444D7,4.0,1.0,4.0,8.0,8.0,w2
0E2AEA27A8,4.0,2.0,3.0,6.0,6.0,w2
FA78FFE275,3.0,2.0,3.0,5.0,5.0,w2
D5098B5FA6,1.0,0.0,2.0,5.0,5.0,w2
928478259C,5.0,1.0,4.0,7.0,7.0,w2
EBA62FE616,2.0,2.0,-0.0,-0.0,-0.0,w2
669E3471F3,6.0,1.0,5.0,10.0,10.0,w2
3D778C57E2,2.0,1.0,3.0,7.0,7.0,w2
D460B4272E,2.0,0.0,3.0,6.0,6.0,w2
7620BCD4D0,4.0,0.0,4.0,9.0,9.0,w2
68BAE7F71E,2.0,2.0,-0.0,-0.0,-0.0,w2
0B3C57E1FA,3.0,3.0,-0.0,-0.0,-0.0,w2
23CA4CE8D7,5.0,0.0,5.0,10.0,10.0,w2
3FB35B4F81,5.0,1.0,5.0,10.0,10.0,w2
B76A20AA35,3.0,1.0,2.0,3.0,3.0,w2
C01E3BCAEC,4.0,0.0,4.0,8.0,8.0,w2
18A2FE1853,8.0,1.0,11.0,22.0,22.0,w2
E3F4C173EF,4.0,1.0,4.0,8.0,8.0,w2
1889EB1AFC,3.0,1.0,2.0,5.0,5.0,w2
09F5FEDE25,6.0,0.0,7.0,15.0,15.0,w2
DCF0FA77EE,4.0,0.0,6.0,13.0,13.0,w2
C0F76A5BE9,5.0,0.0,6.0,13.0,13.0,w2
712354E4C5,4.0,3.0,6.0,12.0,12.0,w2
FE5355D756,7.0,0.0,7.0,15.0,15.0,w2
62D518EA5D,5.0,0.0,8.0,17.0,17.0,w2
13AC12856E,6.0,1.0,9.0,17.0,17.0,w2
FC27C9505F,8.0,5.0,4.0,7.0,7.0,w2
8CC6F2AE3C,8.0,0.0,8.0,16.0,16.0,w2
4FEC354A95,7.0,0.0,8.0,16.0,17.0,w2
A3F0D8F874,6.0,0.0,9.0,18.0,18.0,w2
822B89354A,2.0,0.0,6.0,13.0,13.0,w2
6F8E6BB519,5.0,4.0,2.0,3.0,4.0,w2
954DD2C228,6.0,1.0,6.0,13.0,13.0,w2
E2B9A480FE,3.0,1.0,3.0,5.0,5.0,w2
E0676F669D,4.0,1.0,4.0,8.0,8.0,w2
2E7D10FE6A,1.0,2.0,-0.0,-1.0,-1.0,w2
52D43943AD,3.0,1.0,2.0,4.0,4.0,w2
47832CE558,6.0,2.0,4.0,9.0,9.0,w2
23EE8C1F62,5.0,0.0,5.0,10.0,10.0,w2
73C5A56D1B,3.0,0.0,4.0,7.0,8.0,w2
12D265644E,5.0,1.0,6.0,12.0,13.0,w2
88D675512A,3.0,0.0,3.0,7.0,7.0,w2
DD4BD70999,10.0,1.0,13.0,26.0,26.0,w2
530385866A,6.0,3.0,3.0,6.0,6.0,w2
C31377C1FB,3.0,1.0,4.0,9.0,9.0,w2
8F6809A29E,2.0,4.0,-1.0,-2.0,-2.0,w2
FFDFE8297D,5.0,0.0,6.0,11.0,11.0,w2
98B1D58F07,4.0,0.0,4.0,9.0,9.0,w2
5186A5BDC4,3.0,1.0,3.0,7.0,7.0,w2
4443B65A77,2.0,2.0,1.0,2.0,2.0,w2
C8DB657D92,5.0,0.0,5.0,11.0,11.0,w2
42D33F2D72,4.0,2.0,2.0,4.0,4.0,w2
47002EB7D3,4.0,0.0,4.0,8.0,8.0,w2
023EA41DA7,2.0,1.0,3.0,5.0,5.0,w2
58BD955DED,5.0,1.0,5.0,9.0,10.0,w2
0F5AEA70DD,3.0,0.0,5.0,9.0,9.0,w2
CEA1A94375,3.0,0.0,4.0,8.0,8.0,w2
51808FFA17,5.0,1.0,4.0,9.0,9.0,w2
1AC50EB046,6.0,2.0,6.0,11.0,11.0,w2
850E220843,2.0,1.0,2.0,4.0,4.0,w2
F78F4CF64F,3.0,0.0,4.0,8.0,8.0,w2
9329B4D8E4,3.0,1.0,2.0,4.0,4.0,w2
FF5A04F667,4.0,0.0,5.0,10.0,10.0,w2
7FEE87E6B7,8.0,1.0,8.0,16.0,16.0,w2
1B97340F0F,5.0,1.0,6.0,13.0,13.0,w2
97357D07E8,3.0,1.0,4.0,7.0,11.0,w2
8A5217536E,4.0,2.0,3.0,5.0,5.0,w2
D2902D7CB2,3.0,0.0,3.0,6.0,6.0,w2
5F2F1E625F,4.0,0.0,5.0,9.0,9.0,w2
73E04429F8,3.0,2.0,1.0,2.0,2.0,w2
D435356E4C,5.0,0.0,5.0,10.0,10.0,w2
8B3CDCDBFC,1.0,1.0,-0.0,-0.0,-0.0,w2
DA5B0E6F0D,5.0,1.0,6.0,11.0,11.0,w2
A22949FA75,3.0,3.0,-0.0,0.0,0.0,w2
4A376C91D8,3.0,0.0,4.0,8.0,8.0,w2
98BEDFE32A,4.0,1.0,4.0,7.0,7.0,w2
CC98D91422,6.0,1.0,6.0,12.0,12.0,w2
276CC64792,5.0,0.0,5.0,11.0,11.0,w2
7E8FFDAD1A,4.0,1.0,5.0,9.0,9.0,w2
D9F9B1F2FE,3.0,2.0,1.0,2.0,2.0,w2
B49F1DB16E,4.0,1.0,4.0,9.0,9.0,w2
2E31FCA5F9,1.0,1.0,3.0,7.0,7.0,w2
C60091B236,5.0,3.0,4.0,8.0,8.0,w2
EC39A19CBE,7.0,2.0,6.0,12.0,12.0,w2
62CFC9C93C,3.0,2.0,1.0,3.0,3.0,w2
2D0F76EC10,5.0,1.0,5.0,10.0,10.0,w2
C4DD47B20D,3.0,2.0,6.0,13.0,13.0,w2
C658A46383,5.0,0.0,7.0,14.0,14.0,w2
DA41C3DD8D,4.0,1.0,4.0,9.0,9.0,w2
ED2D8B3DA5,7.0,1.0,10.0,19.0,19.0,w2
0EFCAFFFEC,4.0,2.0,2.0,4.0,4.0,w2
D52083C4E0,2.0,0.0,2.0,4.0,4.0,w2
ED8865A210,2.0,2.0,1.0,1.0,1.0,w2
324A8B2FD8,6.0,1.0,8.0,15.0,15.0,w2
07953653BE,3.0,0.0,3.0,6.0,6.0,w2
351408CAF3,2.0,2.0,1.0,1.0,1.0,w2
9D2F0A9AF0,7.0,0.0,8.0,17.0,17.0,w2
916F3ECCB3,3.0,0.0,3.0,6.0,6.0,w2
EE00447C4C,3.0,1.0,3.0,5.0,5.0,w2
708BE5D794,2.0,2.0,-0.0,-0.0,-0.0,w2
19462659A7,3.0,0.0,3.0,8.0,8.0,w2
DEA3D25D6D,4.0,1.0,4.0,9.0,10.0,w2
A7095027D4,7.0,0.0,9.0,19.0,19.0,w2
F8402705F6,4.0,0.0,4.0,8.0,8.0,w2
8A2AF61D85,7.0,1.0,6.0,12.0,12.0,w2
7964E1BB89,2.0,1.0,1.0,2.0,2.0,w2
6357AC9374,2.0,0.0,2.0,4.0,4.0,w2
12CBA2A51D,3.0,2.0,0.0,1.0,1.0,w2
D2BB13678E,5.0,1.0,5.0,11.0,11.0,w2
14E332525F,3.0,2.0,3.0,6.0,6.0,w2
7E002D32AC,3.0,1.0,2.0,5.0,5.0,w2
A9F528E4C3,4.0,2.0,3.0,6.0,6.0,w2
80730A6269,4.0,1.0,4.0,8.0,8.0,w2
F4321C5386,9.0,3.0,6.0,13.0,13.0,w2
2DD72F73D3,3.0,1.0,2.0,4.0,4.0,w2
0A802ED89A,10.0,0.0,12.0,24.0,24.0,w2
72E2BCA157,3.0,0.0,4.0,9.0,9.0,w2
21D7D8FD4E,6.0,1.0,6.0,14.0,14.0,w2
E1078FCE9A,6.0,1.0,5.0,10.0,10.0,w2
6D9DEAD034,2.0,0.0,3.0,6.0,6.0,w2
6E3B30D95C,3.0,0.0,6.0,12.0,12.0,w2
F1B27BD20F,4.0,0.0,4.0,8.0,8.0,w2
71AFD490A2,4.0,1.0,3.0,6.0,6.0,w2
0AAFB62E1F,4.0,0.0,5.0,10.0,12.0,w2
16382E355B,7.0,2.0,6.0,13.0,13.0,w2
5980269DE0,2.0,2.0,-0.0,-1.0,-1.0,w2
A0057EDC61,3.0,1.0,3.0,6.0,6.0,w2
319F35BC4C,4.0,0.0,4.0,8.0,9.0,w2
C9E8512606,2.0,0.0,5.0,9.0,9.0,w2
8D1FE25FE7,4.0,1.0,3.0,6.0,6.0,w2
6E30288750,3.0,0.0,4.0,7.0,7.0,w2
44F557FDC6,2.0,1.0,2.0,3.0,3.0,w2
F0628A6725,3.0,2.0,1.0,2.0,2.0,w2
66FA7497E3,7.0,2.0,7.0,13.0,13.0,w2
C2BCB1BE60,3.0,1.0,4.0,7.0,7.0,w2
E59AD5F9C7,5.0,0.0,7.0,14.0,14.0,w2
916E374E28,4.0,0.0,4.0,8.0,8.0,w2
C9F1136E92,1.0,1.0,1.0,2.0,2.0,w2
7466C5839E,1.0,0.0,3.0,6.0,8.0,w2
A0C6279F3F,4.0,1.0,3.0,7.0,7.0,w2
2F5235B73D,4.0,0.0,5.0,10.0,10.0,w2
9D328BF53B,4.0,1.0,4.0,8.0,8.0,w2
BE8BA5D6F0,4.0,0.0,5.0,10.0,10.0,w2
2F9DB71E33,6.0,0.0,6.0,12.0,12.0,w2
51F7A20D78,3.0,1.0,1.0,2.0,2.0,w2
81E0234476,2.0,0.0,1.0,3.0,3.0,w2
D317EC0347,3.0,0.0,5.0,10.0,10.0,w2
6C9B32FE78,2.0,0.0,3.0,7.0,7.0,w2
35F8FAF1AF,4.0,0.0,5.0,10.0,10.0,w2
63AB6107BD,4.0,1.0,4.0,8.0,8.0,w2
77AD041E18,6.0,2.0,4.0,9.0,9.0,w2
8A68DA554D,5.0,1.0,4.0,8.0,8.0,w2
E22CF26054,1.0,1.0,1.0,2.0,4.0,w2
A6D6108F58,5.0,1.0,5.0,10.0,10.0,w2
696090A634,8.0,1.0,8.0,18.0,18.0,w2
D12897D444,2.0,1.0,3.0,5.0,5.0,w2
18EDC07E8E,4.0,0.0,4.0,9.0,9.0,w2
EEE7ED5435,3.0,0.0,3.0,6.0,6.0,w2
8265A72517,8.0,2.0,7.0,13.0,13.0,w2
5304273733,5.0,0.0,6.0,12.0,12.0,w2
2474C87B49,2.0,1.0,2.0,3.0,3.0,w2
6B9D7F34C6,8.0,0.0,11.0,22.0,22.0,w2
8287200053,11.0,1.0,11.0,22.0,22.0,w2
9384841010,3.0,0.0,3.0,5.0,5.0,w2
E17E62CDC8,8.0,3.0,5.0,11.0,11.0,w2
3DB183EE9C,5.0,1.0,5.0,9.0,9.0,w2
F0880AB2E2,5.0,1.0,7.0,14.0,14.0,w2
B2C11F419E,4.0,2.0,3.0,6.0,6.0,w2
B5329A5857,2.0,0.0,3.0,6.0,6.0,w2
5356C29591,2.0,1.0,3.0,6.0,6.0,w2
1DAA1A1918,9.0,0.0,11.0,21.0,21.0,w2
E18960502F,4.0,0.0,4.0,8.0,8.0,w2
3C0F45CE39,2.0,0.0,2.0,5.0,5.0,w2
779D8849A0,2.0,0.0,2.0,4.0,5.0,w2
7E6179A54D,4.0,0.0,4.0,9.0,10.0,w2
C43E4CA9D8,3.0,1.0,2.0,5.0,5.0,w2
C4A3BB5E7D,2.0,1.0,5.0,10.0,10.0,w2
0BB76E54EF,9.0,1.0,8.0,17.0,17.0,w2
29307484CE,5.0,0.0,7.0,14.0,14.0,w2
A2EEF09C8C,7.0,0.0,7.0,15.0,15.0,w2
FF7E9EE1A4,4.0,0.0,3.0,7.0,7.0,w2
366962BAAA,1.0,4.0,-1.0,-1.0,-1.0,w2
04023177B4,4.0,1.0,4.0,7.0,7.0,w2
1D975C3B43,5.0,1.0,5.0,11.0,11.0,w2
25763078A1,7.0,0.0,7.0,15.0,15.0,w2
DB00BA59B7,2.0,0.0,7.0,14.0,14.0,w2
C6EB1B3512,4.0,0.0,5.0,9.0,9.0,w2
C0BCB56937,6.0,1.0,5.0,11.0,11.0,w2
AAF7F0CD7E,3.0,0.0,3.0,6.0,7.0,w2
3614696ABE,8.0,0.0,8.0,17.0,17.0,w2
A211FC107A,9.0,0.0,10.0,19.0,19.0,w2
F4C497E5E0,4.0,0.0,6.0,12.0,12.0,w2
57DD683228,2.0,0.0,2.0,4.0,4.0,w2
2716E3B1D2,5.0,0.0,7.0,15.0,15.0,w2
4B9D76AC1F,3.0,1.0,3.0,6.0,6.0,w2
5E756CCA1C,6.0,2.0,5.0,10.0,10.0,w2
4D66402053,4.0,1.0,4.0,7.0,7.0,w2
D27A20BD4C,2.0,3.0,-1.0,-2.0,-2.0,w2
7499A421BA,4.0,2.0,2.0,4.0,4.0,w2
724F2CBDF7,3.0,4.0,-1.0,-3.0,-3.0,w2
FB479ECA65,3.0,0.0,4.0,8.0,8.0,w2
4E5E27FE61,3.0,2.0,2.0,4.0,4.0,w2
12299DA348,5.0,1.0,6.0,12.0,12.0,w2
5474738365,3.0,3.0,2.0,4.0,4.0,w2
F89F586FFA,3.0,0.0,3.0,7.0,7.0,w2
83624658C4,6.0,1.0,7.0,14.0,14.0,w2
19893943F8,3.0,3.0,0.0,1.0,2.0,w2
2E3BA40356,4.0,2.0,5.0,11.0,11.0,w2
5A547C9A5D,3.0,3.0,0.0,1.0,1.0,w2
94CE73B0D7,4.0,1.0,4.0,9.0,9.0,w2
0A58998619,6.0,1.0,5.0,10.0,10.0,w2
3C530F5B15,8.0,0.0,10.0,20.0,20.0,w2
BF68101061,4.0,1.0,3.0,6.0,6.0,w2
3C07219008,4.0,0.0,6.0,12.0,12.0,w2
E55174D30E,7.0,0.0,8.0,15.0,15.0,w2
E7FDD8B561,7.0,0.0,8.0,15.0,15.0,w2
0EDE0A57E9,3.0,1.0,2.0,4.0,5.0,w2
D9C8D087BA,8.0,1.0,8.0,16.0,16.0,w2
25C6256E79,3.0,1.0,5.0,11.0,11.0,w2
2F45A2401A,3.0,0.0,3.0,6.0,6.0,w2
8C8248C803,6.0,0.0,8.0,15.0,16.0,w2
CD97EEF0D0,3.0,0.0,3.0,7.0,7.0,w2
348AF8E3E2,3.0,1.0,2.0,4.0,4.0,w2
303CFD60D2,3.0,0.0,3.0,7.0,7.0,w2
9E65F66982,1.0,1.0,0.0,0.0,1.0,w2
A80763C72F,6.0,0.0,6.0,12.0,13.0,w2
9B83825EEB,7.0,1.0,9.0,19.0,19.0,w2
2BFD108E97,3.0,0.0,4.0,8.0,8.0,w2
1410E8BD28,2.0,2.0,0.0,0.0,0.0,w2
73B75AF4E0,1.0,1.0,1.0,2.0,2.0,w2
F81C376FDD,3.0,0.0,6.0,11.0,11.0,w2
2AF4572765,3.0,0.0,4.0,8.0,8.0,w2
076FA5EDD0,4.0,2.0,2.0,4.0,4.0,w2
8EBDF0C097,2.0,0.0,4.0,9.0,9.0,w2
8C5F31584B,2.0,0.0,2.0,6.0,6.0,w2
11C0430225,8.0,0.0,10.0,21.0,21.0,w2
6629F8A792,3.0,3.0,2.0,4.0,4.0,w2
35BB1E7178,6.0,0.0,6.0,12.0,12.0,w2
96985D1C7A,3.0,0.0,4.0,9.0,9.0,w2
F432E7C56F,1.0,0.0,3.0,5.0,5.0,w2
3A308DD06E,4.0,2.0,3.0,7.0,7.0,w2
6D5800D899,4.0,2.0,6.0,12.0,12.0,w2
138B4ADD0A,3.0,2.0,0.0,0.0,0.0,w2
495AEF0158,9.0,1.0,8.0,16.0,17.0,w2
ABB97316B4,5.0,0.0,6.0,12.0,12.0,w2
6261E84197,1.0,2.0,-0.0,-0.0,-0.0,w2
B485656371,3.0,2.0,3.0,6.0,6.0,w2
3DB52DD3BA,7.0,0.0,7.0,15.0,15.0,w2
BFD39205A1,3.0,0.0,4.0,8.0,8.0,w2
CD52EB1A21,8.0,0.0,9.0,19.0,19.0,w2
8315950A6B,3.0,1.0,3.0,6.0,6.0,w2
541EB98969,2.0,2.0,3.0,6.0,6.0,w2
B4EAC00149,4.0,0.0,4.0,9.0,9.0,w2
8F84AC01A0,5.0,1.0,6.0,12.0,12.0,w2
0F410C48FF,5.0,1.0,6.0,13.0,13.0,w2
05FD093857,2.0,0.0,3.0,6.0,6.0,w2
CB315228E1,4.0,1.0,4.0,8.0,8.0,w2
30515C74C5,7.0,1.0,11.0,22.0,22.0,w2
05C2BB50B4,2.0,1.0,2.0,3.0,3.0,w2
F0997FCBFA,4.0,1.0,4.0,7.0,9.0,w2
666FBF1880,2.0,0.0,2.0,4.0,4.0,w2
C2B629DF6D,5.0,2.0,3.0,6.0,7.0,w2
CB643ABCC6,8.0,0.0,8.0,17.0,17.0,w2
E9478C3029,5.0,2.0,4.0,8.0,8.0,w2
A236603950,3.0,0.0,4.0,8.0,9.0,w2
19859964C0,4.0,3.0,3.0,6.0,6.0,w2
1FD7D287A4,3.0,0.0,3.0,5.0,5.0,w2
AAE839A043,2.0,1.0,3.0,6.0,6.0,w2
D95093D73C,2.0,3.0,2.0,5.0,5.0,w2
CADCA90D54,3.0,0.0,5.0,9.0,9.0,w2
1B694E1E0A,2.0,0.0,2.0,5.0,5.0,w2
7A0D3CE00F,4.0,0.0,4.0,8.0,8.0,w2
BDF12AF908,4.0,2.0,4.0,8.0,8.0,w2
F98998175A,4.0,1.0,3.0,7.0,7.0,w2
84FE11F2F1,3.0,2.0,1.0,2.0,2.0,w2
A97A6E9617,4.0,3.0,2.0,4.0,5.0,w2
DD9E299754,2.0,0.0,2.0,4.0,4.0,w2
C8A1C10E9F,5.0,0.0,5.0,11.0,11.0,w2
279B924E00,4.0,1.0,4.0,9.0,9.0,w2
CB0B56738D,5.0,1.0,4.0,8.0,8.0,w2
6E38738771,5.0,1.0,8.0,16.0,16.0,w2
E8557DCB97,3.0,0.0,4.0,7.0,7.0,w2
847ECA82A2,5.0,2.0,6.0,12.0,12.0,w2
7E41F70ACF,2.0,3.0,-1.0,-1.0,-1.0,w2
C89FBD93B4,3.0,2.0,3.0,7.0,7.0,w2
1D053ADCB0,4.0,0.0,5.0,10.0,10.0,w2
AB501E9AB5,4.0,5.0,0.0,0.0,6.0,w2
DB6106A225,4.0,0.0,4.0,9.0,10.0,w2
EF3BCF0E93,4.0,1.0,5.0,10.0,10.0,w2
EF529E34FE,4.0,0.0,5.0,9.0,9.0,w2
EEC5665D02,2.0,1.0,1.0,3.0,3.0,w2
CA9081F2BB,5.0,2.0,3.0,6.0,7.0,w2
5EF967FFD8,3.0,1.0,3.0,7.0,7.0,w2
E490F03FAA,3.0,0.0,6.0,12.0,12.0,w2
491155A053,2.0,1.0,1.0,3.0,3.0,w2
6C2F7682D9,6.0,1.0,6.0,12.0,12.0,w2
5BE9CCB85C,3.0,0.0,3.0,7.0,7.0,w2
7391E177D5,1.0,1.0,1.0,4.0,4.0,w2
4FEDD95017,6.0,0.0,7.0,15.0,15.0,w2
CE2A5076BD,4.0,1.0,6.0,12.0,12.0,w2
16002ACF24,4.0,0.0,5.0,10.0,10.0,w2
518566303D,4.0,2.0,4.0,7.0,7.0,w2
DFB7AD8137,6.0,0.0,7.0,15.0,15.0,w2
9550B747A2,2.0,1.0,2.0,4.0,4.0,w2
C7ECCF05F4,9.0,0.0,10.0,19.0,19.0,w2
6BA088CA20,2.0,1.0,1.0,2.0,2.0,w2
A258AA0380,6.0,0.0,7.0,13.0,13.0,w2
979E07CAF3,2.0,1.0,1.0,3.0,3.0,w2
4ADD794764,3.0,1.0,5.0,10.0,10.0,w2
212885381E,3.0,1.0,3.0,6.0,6.0,w2
AD537A8865,2.0,1.0,2.0,4.0,4.0,w2
8EB005F193,6.0,1.0,5.0,11.0,11.0,w2
F007365522,3.0,2.0,3.0,6.0,6.0,w2
6B349DE314,3.0,1.0,3.0,5.0,5.0,w2
89C6355030,6.0,2.0,5.0,11.0,12.0,w2
295AECF7EE,3.0,2.0,1.0,2.0,2.0,w2
69A1CE94E2,3.0,3.0,2.0,5.0,5.0,w2
D690CE29D7,1.0,0.0,1.0,3.0,3.0,w2
8BC80ADB05,5.0,2.0,4.0,8.0,8.0,w2
25A3103EF2,8.0,0.0,8.0,16.0,16.0,w2
F2D5223D1D,3.0,0.0,3.0,7.0,7.0,w2
18526388A9,5.0,1.0,4.0,7.0,7.0,w2
8CF779D539,7.0,0.0,7.0,15.0,15.0,w2
2DA26E5268,4.0,2.0,2.0,5.0,5.0,w2
CA49B31C69,3.0,2.0,3.0,6.0,6.0,w2
C0C31CAAB3,7.0,1.0,6.0,13.0,13.0,w2
EDCCFD580C,5.0,1.0,7.0,13.0,13.0,w2
E04BD2CF9D,5.0,1.0,4.0,9.0,9.0,w2
894C75C144,2.0,0.0,2.0,4.0,4.0,w2
5B5113119C,6.0,1.0,5.0,10.0,10.0,w2
6DEC8E67A0,2.0,2.0,1.0,3.0,3.0,w2
C82F73CAF2,3.0,3.0,0.0,1.0,1.0,w2
71FB0A024F,2.0,2.0,1.0,2.0,2.0,w2
3AE3C52453,6.0,0.0,6.0,12.0,12.0,w2
05B651F2F5,3.0,1.0,2.0,4.0,4.0,w2
FC28DC04DB,3.0,1.0,4.0,8.0,8.0,w2
32165C7029,3.0,1.0,2.0,5.0,5.0,w2
BC2E72CB41,3.0,1.0,5.0,10.0,10.0,w2
FF4FD1BDCF,3.0,0.0,5.0,10.0,10.0,w2
F1F30846E9,5.0,1.0,4.0,9.0,9.0,w2
6A02B7468E,4.0,3.0,6.0,11.0,11.0,w2
8F40B35CBD,5.0,1.0,5.0,10.0,10.0,w2
3C4DC7531B,4.0,1.0,4.0,9.0,10.0,w2
4F96B443CF,2.0,1.0,2.0,4.0,4.0,w2
F9255E32C1,2.0,2.0,1.0,2.0,2.0,w2
C73432DAF1,8.0,0.0,10.0,20.0,20.0,w2
EB97F242CB,2.0,0.0,2.0,4.0,4.0,w2
6D301C56FD,2.0,1.0,1.0,2.0,2.0,w2
256F24D344,5.0,0.0,5.0,10.0,10.0,w2
5714746D97,3.0,0.0,3.0,7.0,7.0,w2
CA336D5DBF,2.0,1.0,1.0,3.0,3.0,w2
3BEB405F12,2.0,1.0,1.0,2.0,2.0,w2
5D49FBF032,7.0,3.0,5.0,10.0,10.0,w2
8C3616F07A,1.0,1.0,1.0,3.0,3.0,w2
AFB51BCA9D,2.0,0.0,2.0,5.0,5.0,w2
6BEC791037,5.0,0.0,5.0,10.0,10.0,w2
F816025311,2.0,1.0,1.0,3.0,3.0,w2
8B8ECB36FC,3.0,0.0,4.0,11.0,12.0,w2
AA0B16DCE7,5.0,1.0,5.0,9.0,10.0,w2
38C1963D29,5.0,4.0,3.0,6.0,6.0,w2
FDB6A3AF23,5.0,1.0,4.0,9.0,9.0,w2
F8CFA3EB14,5.0,1.0,5.0,11.0,11.0,w2
ADB941A308,10.0,1.0,12.0,23.0,23.0,w2
A611162AD3,2.0,1.0,1.0,3.0,3.0,w2
9425A73424,2.0,0.0,5.0,9.0,9.0,w2
3D3765B5DC,2.0,1.0,2.0,4.0,4.0,w2
B6503D866C,5.0,2.0,5.0,10.0,12.0,w2
78CCFA3390,3.0,0.0,5.0,9.0,9.0,w2
002CB45828,3.0,3.0,1.0,1.0,1.0,w2
979F5A5A7C,7.0,1.0,6.0,12.0,12.0,w2
835097342F,4.0,1.0,5.0,10.0,10.0,w2
4AD23E2A81,1.0,1.0,0.0,0.0,1.0,w2
E76CA916BD,5.0,1.0,4.0,9.0,9.0,w2
CCFE16F654,2.0,1.0,2.0,5.0,5.0,w2
0AF16739F5,7.0,0.0,7.0,15.0,15.0,w2
82BAFCBB87,5.0,0.0,6.0,11.0,11.0,w2
3196F785A5,5.0,1.0,6.0,13.0,13.0,w2
BA474D6EDB,5.0,0.0,5.0,10.0,10.0,w2
B8EA0A26DE,7.0,1.0,7.0,14.0,14.0,w2
A7F1C7EA3C,7.0,2.0,8.0,16.0,16.0,w2
8DF245465C,3.0,1.0,3.0,5.0,5.0,w2
90D05EB570,4.0,1.0,3.0,7.0,7.0,w2
53A670921F,3.0,0.0,3.0,6.0,6.0,w2
B6575E6C78,3.0,3.0,0.0,0.0,0.0,w2
9C201C2477,3.0,1.0,2.0,5.0,5.0,w2
23B24ECC76,5.0,1.0,5.0,10.0,10.0,w2
C2A655AEFE,1.0,0.0,3.0,7.0,7.0,w2
25A9B11C39,12.0,0.0,12.0,24.0,24.0,w2
3D6F1A0F71,3.0,0.0,3.0,6.0,6.0,w2
9C420EB6F3,3.0,1.0,3.0,7.0,8.0,w2
4AED415BE9,4.0,0.0,5.0,10.0,10.0,w2
C506DAEE88,6.0,1.0,8.0,16.0,16.0,w2
DF20CD0DA5,5.0,1.0,4.0,8.0,8.0,w2
3E91CD68F1,2.0,0.0,3.0,5.0,5.0,w2
C9DE0A5B06,9.0,1.0,9.0,17.0,17.0,w2
DA46086B9C,3.0,0.0,3.0,7.0,7.0,w2
A3F3B88BE2,4.0,1.0,3.0,5.0,5.0,w2
A99269CA72,8.0,3.0,5.0,10.0,10.0,w2
E76B2BA7F7,1.0,1.0,1.0,2.0,2.0,w2
001390830A,2.0,1.0,2.0,5.0,5.0,w2
79F2DBBB45,1.0,1.0,0.0,1.0,1.0,w2
7FC8C8B16B,3.0,0.0,5.0,11.0,11.0,w2
E93D76CFC4,8.0,1.0,7.0,14.0,14.0,w2
9CF3A57B6D,6.0,1.0,6.0,11.0,11.0,w2
2EB470AF3E,5.0,0.0,6.0,12.0,12.0,w2
991CC1A382,3.0,0.0,2.0,5.0,5.0,w2
A1CA2679C2,5.0,0.0,5.0,10.0,11.0,w2
7E3A813683,8.0,6.0,4.0,8.0,8.0,w2
8F46912F91,3.0,0.0,4.0,8.0,8.0,w2
CF7250A1EF,3.0,1.0,4.0,9.0,9.0,w2
4C602BD479,4.0,1.0,3.0,7.0,7.0,w2
9C4D8FCA81,2.0,1.0,0.0,1.0,1.0,w2
45B2A72EA6,4.0,0.0,5.0,9.0,9.0,w2
C522EC1C98,4.0,1.0,4.0,9.0,9.0,w2
BE5C24C02E,6.0,1.0,5.0,10.0,10.0,w2
437DE98B9D,2.0,1.0,3.0,6.0,6.0,w2
6D08592B01,3.0,1.0,2.0,5.0,5.0,w2
4E296FAA13,3.0,1.0,3.0,7.0,7.0,w2
54C63141D4,2.0,0.0,3.0,5.0,5.0,w2
BC19CADABE,8.0,4.0,4.0,8.0,8.0,w2
E021215FC4,4.0,1.0,4.0,9.0,9.0,w2
A5EF12D36B,2.0,1.0,5.0,11.0,11.0,w2
F036AB83A7,3.0,2.0,1.0,2.0,2.0,w2
E6AF16BF3F,5.0,1.0,6.0,12.0,12.0,w2
29FECCE31D,2.0,0.0,2.0,5.0,5.0,w2
71BBC0209C,3.0,0.0,4.0,7.0,7.0,w2
ECC2FB102D,6.0,1.0,5.0,10.0,10.0,w2
DFB7CD6156,4.0,0.0,4.0,8.0,9.0,w2
300A4937D5,3.0,2.0,3.0,6.0,6.0,w2
C8E1E18141,3.0,2.0,2.0,4.0,4.0,w2
B4BBCEEC34,7.0,2.0,5.0,11.0,11.0,w2
6FD88FDCCA,3.0,2.0,2.0,3.0,3.0,w2
DA3CBBFDB8,2.0,0.0,3.0,7.0,7.0,w2
60D895B1E1,4.0,0.0,4.0,9.0,9.0,w2
0F8F0E9ABB,5.0,1.0,4.0,9.0,9.0,w2
E5EF43F70D,4.0,2.0,2.0,5.0,5.0,w2
703CF15506,4.0,0.0,4.0,8.0,8.0,w2
7FE96EBE2F,7.0,1.0,7.0,17.0,17.0,w2
BC3DD9FE55,5.0,1.0,5.0,10.0,10.0,w2
F9BF856046,4.0,2.0,2.0,4.0,4.0,w2
9DBEAD9980,9.0,1.0,10.0,20.0,21.0,w2
48616AA479,7.0,2.0,5.0,11.0,11.0,w2
B51943216E,5.0,2.0,6.0,13.0,13.0,w2
8DD6C45819,4.0,2.0,3.0,6.0,6.0,w2
319C952DE0,7.0,0.0,10.0,20.0,20.0,w2
1F3564AD50,6.0,3.0,3.0,6.0,6.0,w2
63A3ADA9CD,3.0,0.0,3.0,7.0,7.0,w2
1234E1B4E4,6.0,1.0,6.0,11.0,11.0,w2
A1343AB73A,6.0,0.0,7.0,16.0,16.0,w2
D7FA488F8F,4.0,0.0,5.0,10.0,10.0,w2
473F2289E5,0.0,3.0,-0.0,0.0,0.0,w2
D211C3DE4E,5.0,1.0,5.0,10.0,10.0,w2
072131DE0E,1.0,1.0,1.0,2.0,2.0,w2
A6BF53BB91,6.0,0.0,6.0,12.0,13.0,w2
F2F633FD2D,3.0,0.0,5.0,11.0,11.0,w2
3FAA7E98C9,5.0,1.0,6.0,12.0,12.0,w2
22E3E1DDF5,5.0,1.0,8.0,16.0,16.0,w2
8798A03422,7.0,0.0,8.0,16.0,16.0,w2
B9D046FB14,9.0,1.0,9.0,17.0,18.0,w2
13222F2A32,4.0,1.0,5.0,10.0,10.0,w2
1147040EC3,5.0,1.0,7.0,15.0,16.0,w2
92B11C1B9F,5.0,0.0,6.0,14.0,14.0,w2
BA22460AA4,3.0,4.0,-0.0,-0.0,0.0,w2
E690E438D1,2.0,0.0,5.0,12.0,12.0,w2
E3AA7353EB,4.0,3.0,1.0,2.0,2.0,w2
BEDF164914,5.0,1.0,5.0,9.0,9.0,w2
C03D44E902,3.0,0.0,4.0,8.0,8.0,w2
CC5B1928BD,5.0,1.0,6.0,12.0,12.0,w2
D99CB46993,6.0,0.0,7.0,15.0,15.0,w2
7BA254CEF7,9.0,0.0,11.0,22.0,22.0,w2
579962F90C,9.0,0.0,9.0,18.0,18.0,w2
F207A71982,6.0,0.0,6.0,12.0,13.0,w2
634669467F,2.0,2.0,2.0,5.0,5.0,w2
FEE2363EB1,3.0,0.0,4.0,9.0,9.0,w2
ECECB3A413,3.0,0.0,4.0,10.0,10.0,w2
E4FD8C4C9E,5.0,0.0,6.0,12.0,12.0,w2
0364A3AF18,4.0,1.0,4.0,8.0,8.0,w2
5A49383B45,5.0,1.0,5.0,9.0,9.0,w2
5814EFF872,4.0,0.0,4.0,9.0,9.0,w2
DFB59B3026,4.0,0.0,3.0,7.0,7.0,w2
D2F378A7D4,1.0,0.0,2.0,3.0,4.0,w2
4669154939,5.0,2.0,4.0,8.0,8.0,w2
6308BEE49A,3.0,0.0,4.0,7.0,7.0,w2
AA267470AB,4.0,1.0,4.0,8.0,8.0,w2
5A12C9F8DC,7.0,0.0,7.0,14.0,14.0,w2
575AD42FAF,2.0,0.0,2.0,4.0,4.0,w2
C773310A04,2.0,4.0,-0.0,-1.0,-0.0,w2
DF3B410246,5.0,2.0,4.0,9.0,9.0,w2
2A42AC3A1A,4.0,1.0,4.0,9.0,9.0,w2
47E3CFCC62,4.0,1.0,4.0,7.0,7.0,w2
87FF18E689,5.0,0.0,6.0,12.0,12.0,w2
E4BCAF021B,2.0,2.0,1.0,1.0,2.0,w2
DFCC0EE62C,4.0,2.0,3.0,7.0,7.0,w2
4CE346E36A,4.0,5.0,0.0,1.0,1.0,w2
7CE7DD3B62,3.0,0.0,4.0,8.0,8.0,w2
4902DC316A,2.0,0.0,3.0,6.0,6.0,w2
BA4BEE51E5,3.0,1.0,3.0,5.0,5.0,w2
B0F9D7D783,4.0,0.0,4.0,9.0,9.0,w2
6737A5858B,3.0,2.0,2.0,3.0,3.0,w2
19D870E1A4,6.0,0.0,6.0,13.0,13.0,w2
149342852E,5.0,0.0,6.0,12.0,12.0,w2
4BF5F21C9F,1.0,1.0,1.0,2.0,2.0,w2
F21BCDA57C,3.0,0.0,4.0,8.0,8.0,w2
3B6E943BF2,2.0,1.0,3.0,5.0,5.0,w2
42E038C9F7,5.0,0.0,7.0,14.0,14.0,w2
3851BA7769,2.0,0.0,4.0,7.0,7.0,w2
A5205330D4,4.0,2.0,3.0,6.0,6.0,w2
0C04098E5F,2.0,0.0,4.0,9.0,9.0,w2
C2FDEC2277,3.0,2.0,5.0,9.0,9.0,w2
E5E910FCC1,4.0,1.0,3.0,6.0,6.0,w2
8FD1DE38DB,7.0,1.0,7.0,14.0,14.0,w2
DB18387B67,4.0,1.0,5.0,10.0,10.0,w2
9C915FFB1E,3.0,0.0,4.0,7.0,7.0,w2
4E568BD9BA,3.0,0.0,4.0,8.0,8.0,w2
F1148122A9,6.0,3.0,4.0,8.0,8.0,w2
52CCE8C007,2.0,0.0,2.0,4.0,4.0,w2
BF63B58C5E,9.0,0.0,9.0,18.0,18.0,w2
6917E9B8A7,3.0,0.0,3.0,6.0,6.0,w2
806B86CD3F,7.0,0.0,8.0,16.0,16.0,w2
E3BD8797EB,4.0,2.0,3.0,6.0,6.0,w2
05936D9544,3.0,2.0,5.0,10.0,10.0,w2
978EA665D0,3.0,1.0,3.0,7.0,7.0,w2
BFF2BBB777,4.0,6.0,-1.0,-2.0,-2.0,w2
81CBB023EC,5.0,0.0,5.0,10.0,10.0,w2
3DCAF0947D,3.0,1.0,2.0,4.0,4.0,w2
1484BCE6F5,5.0,1.0,4.0,8.0,8.0,w2
689B7B8267,3.0,2.0,2.0,4.0,4.0,w2
8F2000F832,6.0,1.0,6.0,12.0,12.0,w2
9BB5305B33,6.0,0.0,6.0,12.0,12.0,w2
5206A32DF5,2.0,0.0,4.0,9.0,9.0,w2
28A966CEFB,5.0,3.0,3.0,6.0,6.0,w2
6575B89DE6,2.0,1.0,2.0,5.0,6.0,w2
6BDEB15824,5.0,3.0,3.0,6.0,6.0,w2
E56322A6B4,3.0,0.0,3.0,6.0,6.0,w2
FEB1BB1450,1.0,0.0,1.0,2.0,2.0,w2
7A694B0DBD,5.0,2.0,6.0,12.0,12.0,w2
BF41B9BB55,4.0,1.0,6.0,12.0,12.0,w2
96F07AFEB3,3.0,1.0,3.0,6.0,9.0,w2
0021A3E6C4,3.0,0.0,3.0,6.0,6.0,w2
B1079398BA,6.0,0.0,6.0,12.0,12.0,w2
F8A5B7575C,6.0,2.0,4.0,8.0,8.0,w2
9F26667369,4.0,1.0,4.0,8.0,8.0,w2
A1E6042C78,2.0,1.0,2.0,5.0,6.0,w2
0128948590,3.0,1.0,3.0,5.0,5.0,w2
BDD3878D6F,4.0,1.0,3.0,7.0,8.0,w2
FD7D1A0574,3.0,1.0,3.0,7.0,7.0,w2
2C0736A4AF,4.0,1.0,4.0,7.0,8.0,w2
CB559D4639,4.0,2.0,3.0,7.0,7.0,w2
63B8F56A0A,8.0,2.0,8.0,17.0,17.0,w2
7EFA229DEB,8.0,1.0,8.0,16.0,16.0,w2
3F123099C6,9.0,1.0,9.0,18.0,18.0,w2
4FB3FF280F,6.0,1.0,5.0,11.0,11.0,w2
A2BE81BF59,1.0,2.0,3.0,5.0,5.0,w2
088D8B8808,3.0,1.0,3.0,6.0,7.0,w2
92938FA7A0,5.0,2.0,6.0,12.0,12.0,w2
1F4EEC4A25,6.0,0.0,6.0,13.0,13.0,w2
53D6656898,3.0,2.0,2.0,4.0,4.0,w2
0DD21A8EBA,2.0,3.0,2.0,3.0,3.0,w2
E9BD1A373D,4.0,3.0,2.0,4.0,4.0,w2
22BA6291BB,8.0,0.0,9.0,19.0,19.0,w2
965A677B67,7.0,0.0,7.0,14.0,14.0,w2
80077928B2,4.0,1.0,3.0,5.0,5.0,w2
B8727C52F9,3.0,0.0,5.0,9.0,9.0,w2
4CCB718CC7,3.0,1.0,3.0,6.0,6.0,w2
E540E4FC0F,2.0,0.0,3.0,5.0,5.0,w2
E8211BEAB4,3.0,1.0,3.0,5.0,5.0,w2
C6A71AC6B6,8.0,1.0,7.0,15.0,15.0,w2
08CCFBFC62,8.0,0.0,10.0,20.0,20.0,w2
27093046A2,3.0,0.0,3.0,5.0,5.0,w2
59C6829987,5.0,0.0,5.0,10.0,10.0,w2
261A8C3CD2,3.0,1.0,3.0,5.0,5.0,w2
FE3C183D8A,2.0,2.0,1.0,2.0,2.0,w2
6E8A28FECF,6.0,2.0,4.0,8.0,8.0,w2
18D5C09359,3.0,0.0,3.0,7.0,7.0,w2
B7B2C7AF70,4.0,0.0,4.0,7.0,7.0,w2
CABC2CDCA8,3.0,0.0,4.0,9.0,9.0,w2
6A613990E2,10.0,0.0,11.0,22.0,22.0,w2
D5F45B8B0D,12.0,1.0,13.0,25.0,25.0,w2
CB6A6E8C9D,2.0,4.0,-1.0,-1.0,-1.0,w2
72C75BA7D8,2.0,0.0,2.0,4.0,4.0,w2
FFFD43C120,2.0,0.0,3.0,7.0,7.0,w2
625DCFE400,2.0,2.0,1.0,3.0,3.0,w2
A2923E8D9E,4.0,2.0,2.0,3.0,3.0,w2
1D48CD443C,3.0,2.0,2.0,4.0,4.0,w2
9B70D8B62F,3.0,0.0,3.0,5.0,5.0,w2
BF6AB5F56B,3.0,4.0,-0.0,-0.0,-0.0,w2
FC5E1AE3B0,6.0,1.0,7.0,14.0,14.0,w2
6D3FEDB2C6,6.0,0.0,8.0,15.0,15.0,w2
A0D7CA9FBD,3.0,2.0,1.0,3.0,3.0,w2
1A6C0920A2,2.0,0.0,2.0,4.0,4.0,w2
FA39AD1527,3.0,1.0,3.0,6.0,6.0,w2
46D116CB7A,3.0,2.0,4.0,7.0,8.0,w2
279E5324D7,5.0,3.0,3.0,6.0,6.0,w2
5E50B162BB,4.0,2.0,4.0,8.0,8.0,w2
D8D99C8081,1.0,1.0,1.0,2.0,2.0,w2
22D1641AFD,3.0,0.0,3.0,6.0,6.0,w2
5B83DEB20C,6.0,1.0,6.0,12.0,12.0,w2
8B22E8B018,2.0,1.0,4.0,8.0,8.0,w2
8101C8E60E,8.0,1.0,8.0,15.0,15.0,w2
9A7B85497A,2.0,1.0,1.0,2.0,3.0,w2
52A4070849,2.0,1.0,5.0,9.0,9.0,w2
DA6C812D27,5.0,1.0,4.0,8.0,8.0,w2
CA3DE8D25A,2.0,0.0,2.0,4.0,4.0,w2
CE72977952,6.0,0.0,5.0,11.0,11.0,w2
64C53DCB51,1.0,0.0,1.0,2.0,3.0,w2
44C37EC557,3.0,1.0,3.0,6.0,7.0,w2
39634C3258,4.0,1.0,5.0,9.0,9.0,w2
0835A2B6C8,3.0,1.0,4.0,8.0,8.0,w2
B928324F83,10.0,3.0,8.0,16.0,16.0,w2
F5D58D37E5,6.0,1.0,5.0,9.0,9.0,w2
7DE059129C,2.0,0.0,4.0,8.0,8.0,w2
6755B4E222,2.0,0.0,4.0,7.0,7.0,w2
EBCF652C2F,3.0,0.0,3.0,7.0,7.0,w2
44A731376F,4.0,0.0,4.0,7.0,7.0,w2
A807EFADCD,2.0,0.0,4.0,8.0,8.0,w2
937652BAC4,3.0,0.0,3.0,6.0,6.0,w2
2C030F6720,3.0,2.0,2.0,5.0,5.0,w2
D9F6D02B30,7.0,3.0,5.0,11.0,11.0,w2
F133DC082B,2.0,3.0,-0.0,-1.0,-1.0,w2
A9F7891560,4.0,0.0,4.0,8.0,8.0,w2
CAD5472ECC,5.0,1.0,7.0,13.0,13.0,w2
189076854A,2.0,0.0,3.0,5.0,5.0,w2
DDFF661E75,4.0,0.0,4.0,9.0,9.0,w2
847541EB69,4.0,0.0,5.0,10.0,10.0,w2
C0CC8E7609,3.0,1.0,2.0,5.0,5.0,w2
2316815757,8.0,1.0,8.0,15.0,15.0,w2
7FABC4D4D5,4.0,0.0,4.0,8.0,8.0,w2
A1758781FE,5.0,2.0,4.0,7.0,7.0,w2
AC12D72F9B,3.0,2.0,5.0,10.0,10.0,w2
60FF5F2B41,4.0,0.0,5.0,9.0,9.0,w2
3873D99E0B,4.0,1.0,4.0,7.0,7.0,w2
619DF195CD,3.0,1.0,3.0,6.0,6.0,w2
14B2B4D901,1.0,0.0,2.0,3.0,4.0,w2
2F58BD18A0,6.0,0.0,7.0,15.0,15.0,w2
A35688BE97,2.0,0.0,5.0,11.0,11.0,w2
FDE537BD28,5.0,4.0,0.0,1.0,1.0,w2
F6003D1FAC,3.0,0.0,5.0,11.0,11.0,w2
99C79CEADB,2.0,0.0,2.0,4.0,4.0,w2
811551E20C,7.0,0.0,8.0,15.0,16.0,w2
B87212E784,4.0,2.0,3.0,6.0,6.0,w2
702EDCD474,5.0,2.0,3.0,6.0,6.0,w2
35FE0A0A5D,3.0,0.0,7.0,15.0,15.0,w2
010BB109C3,4.0,4.0,3.0,6.0,6.0,w2
C342B03812,4.0,2.0,4.0,9.0,9.0,w2
D5E748656B,4.0,0.0,5.0,10.0,10.0,w2
04449DE882,4.0,7.0,1.0,2.0,2.0,w2
0784DDE986,6.0,1.0,5.0,10.0,11.0,w2
EB5C58B25E,5.0,1.0,5.0,10.0,10.0,w2
F4A6EC0B44,9.0,0.0,9.0,17.0,17.0,w2
326C91B4E0,5.0,0.0,5.0,10.0,10.0,w2
D45E0632BC,4.0,0.0,7.0,14.0,15.0,w2
7B57E73CF1,3.0,0.0,4.0,8.0,8.0,w2
E046190EFD,3.0,2.0,2.0,4.0,4.0,w2
94643317E0,4.0,0.0,14.0,30.0,30.0,w2
43260D75F6,3.0,0.0,4.0,8.0,8.0,w2
4377CE9C6B,4.0,0.0,5.0,10.0,10.0,w2
20217D4626,4.0,0.0,4.0,8.0,9.0,w2
C380567968,5.0,1.0,5.0,9.0,9.0,w2
A082EAF5D1,5.0,3.0,3.0,6.0,6.0,w2
0BA254FA8C,3.0,1.0,5.0,10.0,10.0,w2
90E0317C95,2.0,0.0,2.0,5.0,5.0,w2
E13C4AB8FC,3.0,0.0,3.0,6.0,6.0,w2
50FA91F630,2.0,0.0,2.0,5.0,5.0,w2
1A7BD49DC0,6.0,0.0,8.0,17.0,17.0,w2
408B89A38E,4.0,0.0,4.0,8.0,8.0,w2
0F0414F327,2.0,2.0,0.0,1.0,1.0,w2
F4BF2646EB,2.0,0.0,2.0,4.0,4.0,w2
C9BEC7B72F,2.0,2.0,0.0,0.0,2.0,w2
28F3C0C143,2.0,0.0,3.0,6.0,7.0,w2
7FD09F7BC5,6.0,0.0,8.0,17.0,17.0,w2
1328F8F7D7,5.0,0.0,6.0,12.0,12.0,w2
7EF835B4B4,3.0,2.0,3.0,6.0,6.0,w2
4ECB7E7E46,14.0,1.0,14.0,28.0,28.0,w2
27D963A956,4.0,3.0,3.0,6.0,6.0,w2
3B43DC2A33,3.0,1.0,3.0,6.0,6.0,w2
F447434BBB,8.0,0.0,10.0,20.0,20.0,w2
6DDD77261D,3.0,1.0,3.0,7.0,7.0,w2
7D338E8CDF,4.0,1.0,4.0,8.0,8.0,w2
9A78E15001,5.0,2.0,5.0,9.0,12.0,w2
D3F22F79D7,1.0,0.0,6.0,12.0,12.0,w2
7A14819F07,1.0,1.0,4.0,7.0,7.0,w2
33CF73F845,2.0,0.0,6.0,13.0,13.0,w2
5514647365,3.0,1.0,4.0,8.0,8.0,w2
4CA98EBB41,4.0,1.0,4.0,8.0,8.0,w2
3FBFE9E5D0,4.0,1.0,3.0,7.0,7.0,w2
131B0F6131,6.0,1.0,6.0,12.0,12.0,w2
518367E220,8.0,1.0,7.0,14.0,14.0,w2
F8862A38A3,3.0,0.0,4.0,8.0,8.0,w2
C82AC660DD,4.0,1.0,5.0,9.0,9.0,w2
D042D598E3,1.0,2.0,-1.0,-2.0,-2.0,w2
B96472E64E,2.0,0.0,4.0,8.0,8.0,w2
84DF294841,4.0,0.0,5.0,9.0,10.0,w2
DB9E56B0DA,5.0,0.0,5.0,10.0,10.0,w2
E1812D2C4A,3.0,1.0,4.0,8.0,8.0,w2
00B6AE65B3,7.0,2.0,6.0,13.0,13.0,w2
514145E74A,3.0,0.0,4.0,7.0,7.0,w2
520BE96249,2.0,2.0,4.0,8.0,8.0,w2
08A208FD13,3.0,2.0,1.0,3.0,3.0,w2
988AC60658,3.0,0.0,4.0,9.0,10.0,w2
8DB0F38FBD,6.0,1.0,5.0,10.0,10.0,w2
4256484EB4,5.0,1.0,5.0,10.0,10.0,w2
CC618915DC,4.0,0.0,4.0,9.0,9.0,w2
E34CF0C160,5.0,0.0,5.0,10.0,10.0,w2
0566B2042B,2.0,0.0,3.0,6.0,6.0,w2
393A950978,7.0,1.0,8.0,16.0,16.0,w2
06A5019318,4.0,1.0,6.0,11.0,12.0,w2
BD373FB58A,8.0,0.0,8.0,17.0,17.0,w2
4D5944AB8D,2.0,6.0,-3.0,-6.0,-6.0,w2
E3C15175DC,4.0,2.0,3.0,7.0,7.0,w2
2C14A9E9ED,6.0,9.0,-2.0,-4.0,-2.0,w2
0DECDEF29F,2.0,1.0,2.0,3.0,4.0,w2
